horizon_days,model,MAE,RMSE,MAPE,WAPE,Bias,WAPE_delta_vs_baseline,lag1_acf,lag7_acf,lag14_acf,lag28_acf,ljung_box_significant,variance_ratio,outlier_percentage,structural_risk,accuracy_rank,selected
7,Damped Holt-Winters Additive Weekly,150.92926178895513,316.7638121053884,0.0250943879544281,0.0262182109828613,22.57913005712833,-0.010183,0.7508873456567468,-0.3600640579749327,0.0353502466267821,0.0143586771191823,True,2.094784458886411,6.301369863013699,MEDIUM,1,True
7,Holt-Winters Additive Weekly,150.9315843758418,316.94473116131684,0.025107922115524,0.0262186144438754,20.012588541715647,-0.010183,0.7511503790946757,-0.3599981628524621,0.0354320966681738,0.0144735790225086,True,2.0918829449769287,6.301369863013699,MEDIUM,2,False
7,Random Forest,163.14119178082194,240.36024506535335,0.0269293729169562,0.0283395687185295,57.03639726027398,-0.008062,0.4757802248702729,0.5626892613954337,0.508493472442158,0.460388562292346,True,0.7489207615783715,0.821917808219178,MEDIUM,3,False
7,"SARIMA(1,1,1)(0,1,1,7)",164.982654267276,312.952373971142,0.0277036432840362,0.0286594526920852,3.2442809437876274,-0.007742,0.7550209762488882,-0.2426560095634662,-0.0245835410450183,-0.0092391943017621,True,1.7802061925667405,6.027397260273973,MEDIUM,4,False
7,Seasonal Naive,209.55068493150685,397.1164350838412,0.03542338288343,0.0364014506134648,4.147945205479452,0.0,0.7575257530304292,-0.3967644222531017,-0.0491995565065437,0.0260327297977765,True,1.8208272291612944,2.73972602739726,MEDIUM,5,False
30,HistGradientBoosting,168.8839472056461,238.84702957062945,0.0277701961861095,0.0293371537564896,105.90746077407456,-0.01891,0.6490039665701801,0.4935534219915595,0.3571804885325635,0.2746372273576519,True,0.855023069201571,0.821917808219178,MEDIUM,1,True
30,Seasonal Naive,277.74246575342465,429.9402634517804,0.047825088155037,0.0482471753966818,-20.6027397260274,0.0,0.7341061031022226,0.3038253490994735,0.084589235904156,-0.1204026112240956,True,1.92553003068198,0.821917808219178,MEDIUM,2,False
30,Damped Holt-Winters Additive Weekly,279.78586201913726,430.8063471183296,0.0483847122975925,0.0486021376735858,-83.03908652820213,0.000355,0.8727059862862739,0.3560051879342434,0.0696330002207854,-0.1813151802504237,True,1.6566706862490397,0.821917808219178,MEDIUM,3,False
30,Holt-Winters Additive Weekly,283.6361913890058,435.2857216459396,0.0490933545759515,0.0492709857589483,-93.48107754688826,0.001024,0.8737057557091711,0.3571266148699448,0.0708653434634001,-0.1790717354729243,True,1.6445252897292284,0.821917808219178,MEDIUM,4,False
30,"SARIMA(1,1,1)(0,1,1,7)",285.5411406898009,411.99682309441056,0.0490843272170984,0.0496018981485533,-83.54069302536138,0.001355,0.8593496729998938,0.3168055856485096,0.0510156630860303,-0.1737008502134794,True,1.1147231297006426,2.191780821917808,MEDIUM,5,False
90,Linear Regression,253.74052870902528,376.3029061695544,0.0457287780032252,0.0440777529668063,-221.2252100048326,-0.021521,0.9216099326367764,0.7686154211144076,0.634353010691336,0.416411651917199,True,6.143644648715197,0.0,HIGH,1,True
90,Damped Holt-Winters Additive Weekly,358.4556853640244,528.4681569029752,0.0612299525949314,0.0622680232811415,81.6094114660922,-0.00333,0.9299545785575708,0.6401561231918619,0.538254293808831,0.3804456060773588,True,1.148603453525684,1.9178082191780823,MEDIUM,2,False
90,Holt-Winters Additive Weekly,361.14253735821313,529.6991550815009,0.0618802094276688,0.0627347614843791,53.76435703237295,-0.002864,0.9309772618789118,0.6446217920047669,0.5428333805595714,0.3875510662722083,True,1.18447552630003,1.9178082191780823,MEDIUM,3,False
90,Seasonal Naive,377.627397260274,541.7196970177347,0.0646289113344406,0.0655983780542362,79.09041095890412,0.0,0.8982452962673951,0.6588867920771978,0.5620645492379108,0.4174452008462564,True,1.2272446139441529,1.643835616438356,MEDIUM,4,False
90,"SARIMA(1,1,1)(0,1,1,7)",408.721179501497,583.3215475934721,0.070396341307624,0.0709997384888712,42.96798843228733,0.005401,0.9413676696241218,0.6950891550134053,0.6003732359054359,0.4461829673497544,True,1.2068050726801225,1.9178082191780823,MEDIUM,5,False
