model,horizon_days,forecast_date,actual_quantity,predicted_quantity,residual,z_score
Damped Holt-Winters Additive Weekly,7,2025-08-09,5937.0,7274.579842503059,-1337.579842503059,-4.298970768659691
Damped Holt-Winters Additive Weekly,7,2025-03-01,7664.0,6292.347268464898,1371.6527315351022,4.263933918406459
Damped Holt-Winters Additive Weekly,7,2025-08-10,5964.0,7243.562760647923,-1279.562760647923,-4.115599748058546
Damped Holt-Winters Additive Weekly,7,2025-08-02,7391.0,6121.314932746517,1269.6850672534829,3.941650996381483
Damped Holt-Winters Additive Weekly,7,2025-03-02,7544.0,6279.271594311351,1264.7284056886492,3.925984781176322
Damped Holt-Winters Additive Weekly,7,2025-08-03,7337.0,6094.585581771495,1242.4144182285054,3.85545833407813
Damped Holt-Winters Additive Weekly,7,2025-08-12,5431.0,6623.845119734357,-1192.8451197343566,-3.841516636499281
Damped Holt-Winters Additive Weekly,7,2025-08-08,5468.0,6644.420325146548,-1176.4203251465478,-3.789603798927565
Damped Holt-Winters Additive Weekly,7,2025-03-04,6858.0,5672.127001475145,1185.8729985248547,3.67675134803591
Damped Holt-Winters Additive Weekly,7,2025-08-11,5477.0,6598.623882778242,-1121.6238827782418,-3.6164120553738757
Damped Holt-Winters Additive Weekly,7,2025-08-05,6621.0,5476.618326329332,1144.3816736706676,3.545612270693081
Damped Holt-Winters Additive Weekly,7,2025-08-04,6591.0,5451.123598459324,1139.876401540676,3.531372734298864
Damped Holt-Winters Additive Weekly,7,2025-08-01,6614.0,5482.216323636481,1131.7836763635187,3.505794555808514
Damped Holt-Winters Additive Weekly,7,2025-03-03,6799.0,5669.509623664588,1129.4903763354123,3.4985462635254154
Damped Holt-Winters Additive Weekly,7,2025-11-22,6701.0,5581.115601883734,1119.8843981162663,3.468185239261641
Damped Holt-Winters Additive Weekly,7,2025-03-11,5797.0,6850.019498874049,-1053.0194988740486,-3.3995784006644567
Damped Holt-Winters Additive Weekly,7,2025-11-24,6013.0,4922.15565111137,1090.8443488886296,3.3764001426158705
Damped Holt-Winters Additive Weekly,7,2025-03-09,6463.0,7460.616894425018,-997.6168944250176,-3.224470797921748
Damped Holt-Winters Additive Weekly,7,2025-11-20,6006.0,4964.640574877101,1041.3594251228988,3.2199961890707884
Damped Holt-Winters Additive Weekly,7,2025-11-23,6595.0,5554.78327824167,1040.21672175833,3.216384516861412
Damped Holt-Winters Additive Weekly,7,2025-12-01,4950.0,5915.961187300862,-965.9611873008616,-3.1244185523141286
Damped Holt-Winters Additive Weekly,7,2025-03-10,5884.0,6846.944303826458,-962.944303826458,-3.114883274357243
Damped Holt-Winters Additive Weekly,7,2025-11-21,5953.0,4951.557272101254,1001.4427278987459,3.0938339403852004
Holt-Winters Additive Weekly,7,2025-08-09,5937.0,7278.917655921818,-1341.9176559218176,-4.299748666276984
Holt-Winters Additive Weekly,7,2025-03-01,7664.0,6293.588925620774,1370.4110743792262,4.263341762198281
Holt-Winters Additive Weekly,7,2025-08-10,5964.0,7249.131507431286,-1285.131507431286,-4.120469171436668
Holt-Winters Additive Weekly,7,2025-08-02,7391.0,6123.810682068419,1267.1893179315812,3.937460454091085
Holt-Winters Additive Weekly,7,2025-03-02,7544.0,6282.451706560679,1261.5482934393212,3.919651181086369
Holt-Winters Additive Weekly,7,2025-08-12,5431.0,6631.384044665125,-1200.3840446651247,-3.852913038161505
Holt-Winters Additive Weekly,7,2025-08-03,7337.0,6097.974043717348,1239.0259562826523,3.8485459320881183
Holt-Winters Additive Weekly,7,2025-08-08,5468.0,6647.575484628179,-1179.5754846281789,-3.7872183532613652
Holt-Winters Additive Weekly,7,2025-03-04,6858.0,5677.534640940471,1180.465359059529,3.6636643268589966
Holt-Winters Additive Weekly,7,2025-08-11,5477.0,6604.549292738104,-1127.5492927381038,-3.6229665128310673
Holt-Winters Additive Weekly,7,2025-08-05,6621.0,5481.189290137216,1139.8107098627843,3.5353135729402325
Holt-Winters Additive Weekly,7,2025-08-04,6591.0,5454.401300388733,1136.598699611267,3.5251729384612105
Holt-Winters Additive Weekly,7,2025-08-01,6614.0,5483.707214307611,1130.2927856923889,3.5052645436865326
Holt-Winters Additive Weekly,7,2025-03-03,6799.0,5673.640709000826,1125.359290999174,3.4896890123305995
Holt-Winters Additive Weekly,7,2025-11-22,6701.0,5582.72174087381,1118.2782591261903,3.4673334934077347
Holt-Winters Additive Weekly,7,2025-03-11,5797.0,6858.561889078465,-1061.5618890784654,-3.41463774413677
Holt-Winters Additive Weekly,7,2025-11-24,6013.0,4924.592259841724,1088.4077401582763,3.3730293066732076
Holt-Winters Additive Weekly,7,2025-03-09,6463.0,7466.514728757437,-1003.5147287574373,-3.2313771100579523
Holt-Winters Additive Weekly,7,2025-11-20,6006.0,4965.520138802116,1040.479861197884,3.2217162460556232
Holt-Winters Additive Weekly,7,2025-11-23,6595.0,5556.906144237591,1038.0938557624086,3.214183390587716
Holt-Winters Additive Weekly,7,2025-12-01,4950.0,5920.586674300355,-970.5866743003553,-3.1274199809681993
Holt-Winters Additive Weekly,7,2025-03-10,5884.0,6854.455589855267,-970.4555898552671,-3.1270061343925555
Holt-Winters Additive Weekly,7,2025-11-21,5953.0,4952.703697763279,1000.2963022367212,3.094852770666999
Random Forest,7,2025-12-05,4923.0,5899.555,-976.5550000000003,-4.420543138332144
Random Forest,7,2025-03-01,7664.0,6763.375,900.625,3.607924581513566
Random Forest,7,2025-12-04,5004.0,5681.87,-677.8699999999999,-3.1431041708904925
"SARIMA(1,1,1)(0,1,1,7)",7,2025-03-01,7664.0,6255.295604283218,1408.7043957167816,4.485056024335813
"SARIMA(1,1,1)(0,1,1,7)",7,2025-03-02,7544.0,6239.89181442094,1304.1081855790599,4.151272192642621
"SARIMA(1,1,1)(0,1,1,7)",7,2025-08-02,7391.0,6127.404563618587,1263.5954363814126,4.0219892994879745
"SARIMA(1,1,1)(0,1,1,7)",7,2025-03-04,6858.0,5621.14969594209,1236.8503040579099,3.9366411522240736
"SARIMA(1,1,1)(0,1,1,7)",7,2025-08-03,7337.0,6115.986326373906,1221.0136736260938,3.8861038413628055
"SARIMA(1,1,1)(0,1,1,7)",7,2025-03-03,6799.0,5628.728555278292,1170.2714447217077,3.72417698406981
"SARIMA(1,1,1)(0,1,1,7)",7,2025-08-05,6621.0,5471.917656172229,1149.0823438277712,3.6565590533895365
"SARIMA(1,1,1)(0,1,1,7)",7,2025-08-01,6614.0,5483.197027742852,1130.8029722571482,3.5982265509427225
"SARIMA(1,1,1)(0,1,1,7)",7,2025-08-04,6591.0,5467.157846391656,1123.8421536083442,3.5760134256558693
"SARIMA(1,1,1)(0,1,1,7)",7,2025-11-22,6701.0,5577.889407364448,1123.1105926355522,3.573678893417137
"SARIMA(1,1,1)(0,1,1,7)",7,2025-03-11,5797.0,6880.988731055268,-1083.9887310552676,-3.469540628771767
"SARIMA(1,1,1)(0,1,1,7)",7,2025-11-24,6013.0,4924.064738858135,1088.9352611418653,3.464619749875244
"SARIMA(1,1,1)(0,1,1,7)",7,2025-08-09,5937.0,7004.299074134067,-1067.2990741340673,-3.4162811690889727
"SARIMA(1,1,1)(0,1,1,7)",7,2025-11-20,6006.0,4957.653725867838,1048.3462741321619,3.335093569234421
"SARIMA(1,1,1)(0,1,1,7)",7,2025-03-09,6463.0,7495.961283323812,-1032.9612833238116,-3.306703590958415
"SARIMA(1,1,1)(0,1,1,7)",7,2025-11-23,6595.0,5559.275646854706,1035.7243531452941,3.294814928691153
"SARIMA(1,1,1)(0,1,1,7)",7,2025-11-21,5953.0,4945.557815379502,1007.4421846204978,3.204561844316783
"SARIMA(1,1,1)(0,1,1,7)",7,2025-03-10,5884.0,6884.51067103527,-1000.5106710352702,-3.2031483120797852
"SARIMA(1,1,1)(0,1,1,7)",7,2025-08-10,5964.0,6953.774232285753,-989.774232285753,-3.1688865576640706
"SARIMA(1,1,1)(0,1,1,7)",7,2025-12-01,4950.0,5936.504575057655,-986.5045750576546,-3.1584525398685783
"SARIMA(1,1,1)(0,1,1,7)",7,2025-11-25,5906.0,4926.318656694642,979.6813433053576,3.1159724014202053
"SARIMA(1,1,1)(0,1,1,7)",7,2025-08-08,5468.0,6407.061203831197,-939.0612038311974,-3.0070528838431985
Seasonal Naive,7,2025-08-09,5937.0,7391.0,-1454.0,-3.6670065100831106
Seasonal Naive,7,2025-08-10,5964.0,7337.0,-1373.0,-3.463304596094626
Seasonal Naive,7,2025-03-05,7056.0,5708.0,1348.0,3.3795708108518716
Seasonal Naive,7,2025-08-13,5276.0,6519.0,-1243.0,-3.13637559833533
Seasonal Naive,7,2025-03-12,5837.0,7056.0,-1219.0,-3.076019475672075
Seasonal Naive,7,2025-08-02,7391.0,6183.0,1208.0,3.0274934286495525
Seasonal Naive,7,2025-03-01,7664.0,6461.0,1203.0,3.0149192364280415
Seasonal Naive,7,2025-11-22,6701.0,5499.0,1202.0,3.012404397983739
Seasonal Naive,7,2025-03-07,6930.0,5729.0,1201.0,3.009889559539437
Seasonal Naive,7,2025-08-12,5431.0,6621.0,-1190.0,-3.0030891607873094
Holt Additive,7,2025-03-01,7664.0,5714.953875347705,1949.0461246522946,4.076831993637595
Holt Additive,7,2025-08-02,7391.0,5518.364581068995,1872.635418931005,3.9017344285130964
Holt Additive,7,2025-03-02,7544.0,5715.664862522564,1828.3351374774356,3.8002189230138614
Holt Additive,7,2025-08-03,7337.0,5518.964319494335,1818.0356805056654,3.7766173894219652
Holt Additive,7,2025-11-22,6701.0,4973.689986998191,1727.3100130018092,3.5687166335754723
Holt Additive,7,2025-11-23,6595.0,4974.074878647543,1620.9251213524567,3.3249322670001855
Holt Additive,7,2025-08-12,5431.0,6660.09988601082,-1229.0998860108202,-3.205990783932978
Holt Additive,7,2025-08-08,5468.0,6656.057846765253,-1188.057846765253,-3.1119416441978287
Holt Additive,7,2025-08-11,5477.0,6659.089376199428,-1182.0893761994284,-3.098264703856445
"ARIMA(2,1,2)",7,2025-03-01,7664.0,5820.155458012634,1843.844541987366,4.250488841624014
"ARIMA(2,1,2)",7,2025-03-02,7544.0,5820.682953764735,1723.3170462352646,3.9730258910455496
"ARIMA(2,1,2)",7,2025-08-02,7391.0,5781.757754555441,1609.2422454445586,3.7104175076511083
"ARIMA(2,1,2)",7,2025-11-22,6701.0,5110.798170220592,1590.2018297794084,3.6665851034538206
"ARIMA(2,1,2)",7,2025-08-03,7337.0,5779.557733410453,1557.4422665895472,3.59117023645106
"ARIMA(2,1,2)",7,2025-11-23,6595.0,5110.620262260921,1484.3797377390792,3.4229750482487735
HistGradientBoosting,30,2025-03-01,7664.0,6741.859912372823,922.1400876271773,3.8074666816173965
HistGradientBoosting,30,2025-03-05,7056.0,6254.645920666522,801.3540793334778,3.2440382090790285
HistGradientBoosting,30,2025-12-05,4923.0,5492.500099113356,-569.5000991133556,-3.150562347278854
Seasonal Naive,30,2025-03-01,7664.0,5935.0,1729.0,4.068504548891172
Seasonal Naive,30,2025-03-05,7056.0,5708.0,1348.0,3.1825318661036106
Seasonal Naive,30,2025-11-22,6701.0,5397.0,1304.0,3.0802148108735508
Damped Holt-Winters Additive Weekly,30,2025-03-01,7664.0,5968.55496644466,1695.4450335553402,4.201396346533839
Damped Holt-Winters Additive Weekly,30,2025-08-02,7391.0,6121.314932746517,1269.6850672534829,3.195603634234014
Damped Holt-Winters Additive Weekly,30,2025-08-03,7337.0,6094.585581771495,1242.4144182285054,3.1311809026013218
Holt-Winters Additive Weekly,30,2025-03-01,7664.0,5984.419898346089,1679.5801016539108,4.16492237906458
Holt-Winters Additive Weekly,30,2025-08-02,7391.0,6123.810682068419,1267.1893179315812,3.196216039884957
Holt-Winters Additive Weekly,30,2025-08-03,7337.0,6097.974043717348,1239.0259562826523,3.1300602768592363
"SARIMA(1,1,1)(0,1,1,7)",30,2025-03-01,7664.0,5981.853336608036,1682.1466633919636,4.3706005004918165
"SARIMA(1,1,1)(0,1,1,7)",30,2025-08-02,7391.0,6127.404563618587,1263.5954363814126,3.334561931373007
"SARIMA(1,1,1)(0,1,1,7)",30,2025-08-03,7337.0,6115.986326373906,1221.0136736260938,3.2291594245623774
"SARIMA(1,1,1)(0,1,1,7)",30,2025-11-22,6701.0,5506.254993620486,1194.745006379514,3.1641366730555025
"SARIMA(1,1,1)(0,1,1,7)",30,2025-11-26,6038.0,4871.620454438124,1166.3795455618756,3.093923734850065
"SARIMA(1,1,1)(0,1,1,7)",30,2025-11-24,6013.0,4856.209392080184,1156.7906079198156,3.0701882669002867
"SARIMA(1,1,1)(0,1,1,7)",30,2025-08-05,6621.0,5471.917656172229,1149.0823438277712,3.0511080244235154
"SARIMA(1,1,1)(0,1,1,7)",30,2025-08-01,6614.0,5483.197027742852,1130.8029722571482,3.005861152011547
"ARIMA(2,1,2)",30,2025-03-01,7664.0,5488.796483940762,2175.2035160592377,4.702809110445332
"ARIMA(2,1,2)",30,2025-11-22,6701.0,5063.820717800195,1637.1792821998051,3.537072109671128
"ARIMA(2,1,2)",30,2025-08-02,7391.0,5781.757754555441,1609.2422454445586,3.4765409376754657
"ARIMA(2,1,2)",30,2025-08-03,7337.0,5779.557733410453,1557.4422665895472,3.364305933765986
"ARIMA(2,1,2)",30,2025-11-23,6595.0,5063.82071780042,1531.1792821995796,3.3074019306980884
Holt Additive,30,2025-03-01,7664.0,5390.8299031081615,2273.1700968918385,3.969333101583774
Holt Additive,30,2025-08-02,7391.0,5518.364581068995,1872.635418931005,3.2907480618617333
Holt Additive,30,2025-08-03,7337.0,5518.964319494335,1818.0356805056654,3.1982452956673035
Damped Holt-Winters Additive Weekly,90,2025-03-01,7664.0,5665.411878583266,1998.5881214167339,3.6664341535419633
Damped Holt-Winters Additive Weekly,90,2025-03-05,7056.0,5072.283008727715,1983.7169912722848,3.6379914696559332
Damped Holt-Winters Additive Weekly,90,2025-03-02,7544.0,5650.6349128919765,1893.3650871080235,3.465183443387385
Damped Holt-Winters Additive Weekly,90,2025-03-07,6930.0,5050.141081823601,1879.8589181763991,3.439351399036882
Damped Holt-Winters Additive Weekly,90,2025-03-06,6920.0,5069.107136441247,1850.8928635587527,3.383950610602338
Damped Holt-Winters Additive Weekly,90,2025-03-04,6858.0,5055.800719704219,1802.1992802957811,3.290818738137101
Damped Holt-Winters Additive Weekly,90,2025-03-03,6799.0,5057.307395013084,1741.6926049869162,3.1750930184313204
Holt-Winters Additive Weekly,90,2025-03-01,7664.0,5689.964811278408,1974.035188721592,3.639034425737393
Holt-Winters Additive Weekly,90,2025-03-05,7056.0,5104.369474390514,1951.6305256094856,3.596576175048722
Holt-Winters Additive Weekly,90,2025-03-02,7544.0,5677.602225502342,1866.3977744976582,3.4350547321471487
Holt-Winters Additive Weekly,90,2025-03-07,6930.0,5078.552730784679,1851.4472692153213,3.4067225810220214
Holt-Winters Additive Weekly,90,2025-03-06,6920.0,5098.940134833521,1821.0598651664786,3.349136532420088
Holt-Winters Additive Weekly,90,2025-03-04,6858.0,5086.636004098808,1771.3639959011916,3.254959723561184
Holt-Winters Additive Weekly,90,2025-03-03,6799.0,5086.870776374579,1712.1292236254212,3.142706091440645
Seasonal Naive,90,2025-03-01,7664.0,5588.0,2076.0,3.7210603311069685
Seasonal Naive,90,2025-03-02,7544.0,5579.0,1965.0,3.5142218748145075
Seasonal Naive,90,2025-03-07,6930.0,4981.0,1949.0,3.4844073225561347
Seasonal Naive,90,2025-03-06,6920.0,5033.0,1887.0,3.36887593255494
Seasonal Naive,90,2025-03-04,6858.0,5059.0,1799.0,3.2048958951338897
Seasonal Naive,90,2025-03-03,6799.0,5062.0,1737.0,3.089364505132695
"SARIMA(1,1,1)(0,1,1,7)",90,2025-03-01,7664.0,5613.729175998236,2050.2708240017637,3.445804006965717
"SARIMA(1,1,1)(0,1,1,7)",90,2025-03-05,7056.0,5016.970670318207,2039.0293296817927,3.4265064772230023
"SARIMA(1,1,1)(0,1,1,7)",90,2025-03-02,7544.0,5593.163940024342,1950.836059975658,3.2751109245661003
"SARIMA(1,1,1)(0,1,1,7)",90,2025-03-07,6930.0,5005.467577911088,1924.5324220889124,3.229957209231359
"SARIMA(1,1,1)(0,1,1,7)",90,2025-03-06,6920.0,5026.019939057602,1893.9800609423983,3.1775099917037384
"SARIMA(1,1,1)(0,1,1,7)",90,2025-03-04,6858.0,4995.007961862764,1862.9920381372358,3.124314902623081
"SARIMA(1,1,1)(0,1,1,7)",90,2025-03-03,6799.0,4997.3415703659,1801.6584296340998,3.0190275537503766
"ARIMA(2,1,2)",90,2025-03-01,7664.0,5195.966776490226,2468.033223509774,3.776342612745117
"ARIMA(2,1,2)",90,2025-03-02,7544.0,5195.966776490226,2348.033223509774,3.588434669338617
Holt Additive,90,2025-03-01,7664.0,5119.385189642669,2544.6148103573314,3.5162301157577804
Holt Additive,90,2025-03-02,7544.0,5119.866345463766,2424.1336545362337,3.354738230595522
