model,horizon_days,lag,ACF,PACF
Damped Holt-Winters Additive Weekly,7,0,1.0,1.0
Damped Holt-Winters Additive Weekly,7,1,0.7508873456567468,0.7508873456567469
Damped Holt-Winters Additive Weekly,7,2,0.543625334358917,-0.04632724664553725
Damped Holt-Winters Additive Weekly,7,3,0.3004823776523936,-0.2110214596602256
Damped Holt-Winters Additive Weekly,7,4,0.055036675636263285,-0.20343525922971584
Damped Holt-Winters Additive Weekly,7,5,-0.13225033119580823,-0.08560580371999049
Damped Holt-Winters Additive Weekly,7,6,-0.27011112057760395,-0.07605975538551607
Damped Holt-Winters Additive Weekly,7,7,-0.3600640579749327,-0.09142962042375054
Damped Holt-Winters Additive Weekly,7,8,-0.29079733273178987,0.1961695640281898
Damped Holt-Winters Additive Weekly,7,9,-0.23729322278300233,-0.057759791099357825
Damped Holt-Winters Additive Weekly,7,10,-0.15592573780695834,-0.04502612259140636
Damped Holt-Winters Additive Weekly,7,11,-0.08979810663788551,-0.07498417584335601
Damped Holt-Winters Additive Weekly,7,12,-0.02468751346658873,0.013310798963688426
Damped Holt-Winters Additive Weekly,7,13,0.03239251781967836,0.017164792150892866
Damped Holt-Winters Additive Weekly,7,14,0.03535024662678218,-0.09102279440758458
Damped Holt-Winters Additive Weekly,7,15,0.00627629506873948,-0.03320552639817582
Damped Holt-Winters Additive Weekly,7,16,0.012337419252650242,0.05607007845568105
Damped Holt-Winters Additive Weekly,7,17,0.004004623666072222,0.006764007724207486
Damped Holt-Winters Additive Weekly,7,18,0.013915003302518165,0.005323638918002975
Damped Holt-Winters Additive Weekly,7,19,0.027389504412565394,0.026765210738711884
Damped Holt-Winters Additive Weekly,7,20,0.009434005301585604,-0.06583032418482128
Damped Holt-Winters Additive Weekly,7,21,0.01257756926468978,-0.024234481024908796
Damped Holt-Winters Additive Weekly,7,22,0.0231390265132351,0.02635617019505972
Damped Holt-Winters Additive Weekly,7,23,0.020458528443471936,0.030344362658183334
Damped Holt-Winters Additive Weekly,7,24,0.019849549368719403,-0.0034217323544878764
Damped Holt-Winters Additive Weekly,7,25,0.015646431104835132,0.0023087561199917005
Damped Holt-Winters Additive Weekly,7,26,0.020118975814455993,0.024241011376845423
Damped Holt-Winters Additive Weekly,7,27,0.022585144876105485,-0.014889401015067817
Damped Holt-Winters Additive Weekly,7,28,0.014358677119182333,-0.007485667798640114
Holt-Winters Additive Weekly,7,0,1.0,1.0
Holt-Winters Additive Weekly,7,1,0.7511503790946757,0.7511503790946759
Holt-Winters Additive Weekly,7,2,0.5437717997172231,-0.04693977650753251
Holt-Winters Additive Weekly,7,3,0.300830892176586,-0.21052139371091155
Holt-Winters Additive Weekly,7,4,0.055429691933955264,-0.20344651552341544
Holt-Winters Additive Weekly,7,5,-0.13217072618316508,-0.08634258357565756
Holt-Winters Additive Weekly,7,6,-0.26998225283647337,-0.07551549503318056
Holt-Winters Additive Weekly,7,7,-0.35999816285246217,-0.09125952685187844
Holt-Winters Additive Weekly,7,8,-0.290701866420728,0.19665667651572785
Holt-Winters Additive Weekly,7,9,-0.23744903509723506,-0.05885650278486757
Holt-Winters Additive Weekly,7,10,-0.15598156313847672,-0.04402540019551266
Holt-Winters Additive Weekly,7,11,-0.08986354258722047,-0.07525250687814669
Holt-Winters Additive Weekly,7,12,-0.024998100505928187,0.012329839320637208
Holt-Winters Additive Weekly,7,13,0.032280998947971186,0.018238894012945497
Holt-Winters Additive Weekly,7,14,0.035432096668173874,-0.09067822210802416
Holt-Winters Additive Weekly,7,15,0.006554580367963693,-0.03273394080905639
Holt-Winters Additive Weekly,7,16,0.012455483822492952,0.05450465936330461
Holt-Winters Additive Weekly,7,17,0.0045126023994071845,0.008460321529465176
Holt-Winters Additive Weekly,7,18,0.014519717284244001,0.005608073181208822
Holt-Winters Additive Weekly,7,19,0.02770683740548512,0.02535512725608899
Holt-Winters Additive Weekly,7,20,0.009802566940525321,-0.06516160884650743
Holt-Winters Additive Weekly,7,21,0.012767743736451813,-0.023898122426999003
Holt-Winters Additive Weekly,7,22,0.023340824553504703,0.026839925235277413
Holt-Winters Additive Weekly,7,23,0.020339777161246332,0.02880052638062547
Holt-Winters Additive Weekly,7,24,0.01984534367387974,-0.0016617299259054357
Holt-Winters Additive Weekly,7,25,0.015591786995379579,0.0022883169131819084
Holt-Winters Additive Weekly,7,26,0.019763985449834185,0.022624124811483227
Holt-Winters Additive Weekly,7,27,0.02249939655077878,-0.013886443469803196
Holt-Winters Additive Weekly,7,28,0.014473579022508658,-0.006536324415982162
Random Forest,7,0,1.0,1.0
Random Forest,7,1,0.4757802248702729,0.47578022487027294
Random Forest,7,2,0.09251399613087898,-0.17301846678563926
Random Forest,7,3,0.10929647319621648,0.18652643438089034
Random Forest,7,4,0.08943296545641488,-0.05273703866929344
Random Forest,7,5,-0.003027167495227168,-0.027501415428058975
Random Forest,7,6,0.26817046694506863,0.4004723427408868
Random Forest,7,7,0.5626892613954337,0.35104676630533155
Random Forest,7,8,0.2273523501451219,-0.2960155815077369
Random Forest,7,9,-0.09019093050484152,-0.14561796206704927
Random Forest,7,10,-0.0316695062610372,0.017269137186112178
Random Forest,7,11,-0.05044757768170493,-0.08308298927371102
Random Forest,7,12,-0.12382352447915686,-0.007078203386683136
Random Forest,7,13,0.20065045594647715,0.24440080880862514
Random Forest,7,14,0.508493472442158,0.20146239868937363
Random Forest,7,15,0.1839419470894087,-0.1691775019285125
Random Forest,7,16,-0.10601948312621981,-0.04179326877988154
Random Forest,7,17,-0.061769386162178745,-0.047427468455820576
Random Forest,7,18,-0.07585899528165321,-0.02436332154616725
Random Forest,7,19,-0.13732260981009944,0.016718528400793752
Random Forest,7,20,0.15319554274213576,0.0448350600200085
Random Forest,7,21,0.4947516847891203,0.23854785815979376
Random Forest,7,22,0.17904769709035942,-0.12236259199223483
Random Forest,7,23,-0.11114857284305141,-0.04386807184778921
Random Forest,7,24,-0.05967458067066472,0.006330735260025382
Random Forest,7,25,-0.05648670122651897,0.03639521631034646
Random Forest,7,26,-0.09320993817679706,0.07182974045581644
Random Forest,7,27,0.19131426158004422,0.03044818097508314
Random Forest,7,28,0.46038856229234604,0.009738049575944643
"SARIMA(1,1,1)(0,1,1,7)",7,0,1.0,1.0
"SARIMA(1,1,1)(0,1,1,7)",7,1,0.7550209762488882,0.7550209762488883
"SARIMA(1,1,1)(0,1,1,7)",7,2,0.5624448778713095,-0.017704186236651452
"SARIMA(1,1,1)(0,1,1,7)",7,3,0.345529421247185,-0.170493220073241
"SARIMA(1,1,1)(0,1,1,7)",7,4,0.11965820989000493,-0.1912200214222237
"SARIMA(1,1,1)(0,1,1,7)",7,5,-0.038669444599415154,-0.03739229326127448
"SARIMA(1,1,1)(0,1,1,7)",7,6,-0.16093894595562175,-0.054677599896647215
"SARIMA(1,1,1)(0,1,1,7)",7,7,-0.24265600956346625,-0.06217178077923569
"SARIMA(1,1,1)(0,1,1,7)",7,8,-0.1980606592440395,0.15921694353625696
"SARIMA(1,1,1)(0,1,1,7)",7,9,-0.17610717811472865,-0.05974790894797025
"SARIMA(1,1,1)(0,1,1,7)",7,10,-0.12388852316551145,-0.016377970864104016
"SARIMA(1,1,1)(0,1,1,7)",7,11,-0.08794415269626019,-0.06729683038271847
"SARIMA(1,1,1)(0,1,1,7)",7,12,-0.056892308551572256,0.0011392814670165906
"SARIMA(1,1,1)(0,1,1,7)",7,13,-0.014013448894730995,0.03324399941188804
"SARIMA(1,1,1)(0,1,1,7)",7,14,-0.024583541045018323,-0.09334820942704919
"SARIMA(1,1,1)(0,1,1,7)",7,15,-0.04637617246261666,-0.02940431356215937
"SARIMA(1,1,1)(0,1,1,7)",7,16,-0.031128883116349954,0.053956991257804114
"SARIMA(1,1,1)(0,1,1,7)",7,17,-0.024028095395919696,0.025875562140960214
"SARIMA(1,1,1)(0,1,1,7)",7,18,0.006228424668296527,0.02146093314911195
"SARIMA(1,1,1)(0,1,1,7)",7,19,0.03825295461231951,0.02476859376670471
"SARIMA(1,1,1)(0,1,1,7)",7,20,0.02859353845223345,-0.0687129189955301
"SARIMA(1,1,1)(0,1,1,7)",7,21,0.032789257490361004,-0.027724492906064883
"SARIMA(1,1,1)(0,1,1,7)",7,22,0.04007702209915098,0.03765444615700998
"SARIMA(1,1,1)(0,1,1,7)",7,23,0.030173308354069665,0.01334371250827754
"SARIMA(1,1,1)(0,1,1,7)",7,24,0.023604077631529875,0.0010249425320624074
"SARIMA(1,1,1)(0,1,1,7)",7,25,0.011782073458752816,0.0021348089892175865
"SARIMA(1,1,1)(0,1,1,7)",7,26,0.010107567845044829,0.01514160475603103
"SARIMA(1,1,1)(0,1,1,7)",7,27,0.0060799465153100266,-0.02309594221648218
"SARIMA(1,1,1)(0,1,1,7)",7,28,-0.009239194301762173,-0.020510235537275007
Seasonal Naive,7,0,1.0,1.0
Seasonal Naive,7,1,0.7575257530304292,0.7575257530304293
Seasonal Naive,7,2,0.5783770265336016,0.01063407178915778
Seasonal Naive,7,3,0.38584309723236526,-0.13069223008984443
Seasonal Naive,7,4,0.22667567671880953,-0.06407925964995469
Seasonal Naive,7,5,0.015310399259043579,-0.2427935896647293
Seasonal Naive,7,6,-0.18712487405748593,-0.20926873583498593
Seasonal Naive,7,7,-0.39676442225310177,-0.26299024234755647
Seasonal Naive,7,8,-0.3172587994240598,0.460508688581907
Seasonal Naive,7,9,-0.2946740363180612,-0.03184611621792496
Seasonal Naive,7,10,-0.25753144409141226,-0.08353921563851771
Seasonal Naive,7,11,-0.24008842160308722,-0.10595897605923163
Seasonal Naive,7,12,-0.18352605685992004,-0.1568884289232411
Seasonal Naive,7,13,-0.09679662206794662,0.0010281023919476542
Seasonal Naive,7,14,-0.049199556506543736,-0.17508387228288327
Seasonal Naive,7,15,-0.06004554286178805,0.2571960275267179
Seasonal Naive,7,16,-0.03478411268083051,0.010015894046416883
Seasonal Naive,7,17,-0.024492022275508226,-0.08681961730182995
Seasonal Naive,7,18,-0.015468260217371636,-0.11853421241819069
Seasonal Naive,7,19,0.008182161570375386,0.005733130754322935
Seasonal Naive,7,20,-0.01277862838155996,-0.022496409102862276
Seasonal Naive,7,21,0.004025913352721259,-0.07833448296792117
Seasonal Naive,7,22,0.013239919886066959,0.13495471385775257
Seasonal Naive,7,23,0.02835285276579011,0.06709198289307206
Seasonal Naive,7,24,0.0377804112761716,-0.05542768210862713
Seasonal Naive,7,25,0.04873259934947931,-0.09482448285393834
Seasonal Naive,7,26,0.04413278218884917,0.04057434502302533
Seasonal Naive,7,27,0.04511524328786755,-0.0788707744282292
Seasonal Naive,7,28,0.026032729797776592,-0.04810633509372193
Holt Additive,7,0,1.0,1.0
Holt Additive,7,1,0.5307382097587348,0.5307382097587346
Holt Additive,7,2,0.09560532431807667,-0.2590468208774152
Holt Additive,7,3,-0.03786760472604982,0.05332322362002439
Holt Additive,7,4,-0.16321113974443038,-0.20579173629371508
Holt Additive,7,5,-0.25293620480461443,-0.0977944597658617
Holt Additive,7,6,-0.005055036521201898,0.2861486010904697
Holt Additive,7,7,0.2829027270749006,0.17902874695994064
Holt Additive,7,8,-0.014997621353636931,-0.5307195430398647
Holt Additive,7,9,-0.3138074522618959,-0.19035497912155974
Holt Additive,7,10,-0.2772288517733645,0.09327252968964955
Holt Additive,7,11,-0.2349425798715095,0.07089098100991498
Holt Additive,7,12,-0.19337211906452176,0.03753532911511672
Holt Additive,7,13,0.1509331658434019,0.1370287637761597
Holt Additive,7,14,0.48122252709860486,0.10590333029565953
Holt Additive,7,15,0.13779549864525245,-0.43816700568591777
Holt Additive,7,16,-0.18137341794346634,-0.015041744367026825
Holt Additive,7,17,-0.19080401646498166,0.05007619067048914
Holt Additive,7,18,-0.1768335470231845,0.10385481578953926
Holt Additive,7,19,-0.16015691860363265,0.03538876185837092
Holt Additive,7,20,0.13963698743477407,-0.006853957220037948
Holt Additive,7,21,0.4634940569675356,0.11323533369344382
Holt Additive,7,22,0.14591507763459047,-0.2059393880533641
Holt Additive,7,23,-0.17188539549150544,-0.01165076546054409
Holt Additive,7,24,-0.1769209610777553,0.0014834298219418014
Holt Additive,7,25,-0.16986107472563888,0.040828865444595026
Holt Additive,7,26,-0.1587795513401112,0.024044472110361342
Holt Additive,7,27,0.14585734958451088,0.05272789215906041
Holt Additive,7,28,0.45424248923731525,0.07682247241110468
"ARIMA(2,1,2)",7,0,1.0,1.0
"ARIMA(2,1,2)",7,1,0.5526074016767102,0.5526074016767102
"ARIMA(2,1,2)",7,2,0.1498911612037964,-0.22383842482002023
"ARIMA(2,1,2)",7,3,0.0751169747056103,0.14767627392713362
"ARIMA(2,1,2)",7,4,-0.004773788093155555,-0.14121389946508023
"ARIMA(2,1,2)",7,5,-0.07918020726981105,-0.011158677431053147
"ARIMA(2,1,2)",7,6,0.19430930137991673,0.4080053906781171
"ARIMA(2,1,2)",7,7,0.4849977236455001,0.2617865633492161
"ARIMA(2,1,2)",7,8,0.13016322011614953,-0.565439369466341
"ARIMA(2,1,2)",7,9,-0.24029406150616248,-0.23915404547154162
"ARIMA(2,1,2)",7,10,-0.24340304888935707,0.11412979455675663
"ARIMA(2,1,2)",7,11,-0.24952862710546825,0.0792766328320742
"ARIMA(2,1,2)",7,12,-0.25318352615146844,0.05692352528153463
"ARIMA(2,1,2)",7,13,0.08731623814225459,0.13446415212298213
"ARIMA(2,1,2)",7,14,0.4219128811254297,0.1029371638825775
"ARIMA(2,1,2)",7,15,0.08905480434720497,-0.37489234519357334
"ARIMA(2,1,2)",7,16,-0.2369931340249707,-0.017399340022657687
"ARIMA(2,1,2)",7,17,-0.22430062251543673,0.055169921327013316
"ARIMA(2,1,2)",7,18,-0.20077348986308327,0.10698523651405427
"ARIMA(2,1,2)",7,19,-0.18698458891083317,0.05632135129014051
"ARIMA(2,1,2)",7,20,0.13711072152123974,-0.026938697488995963
"ARIMA(2,1,2)",7,21,0.46932989118446794,0.08277235947440215
"ARIMA(2,1,2)",7,22,0.147489069055292,-0.16641657339148413
"ARIMA(2,1,2)",7,23,-0.17647756372859918,0.02709622934469493
"ARIMA(2,1,2)",7,24,-0.1647053492883794,0.01980789243855551
"ARIMA(2,1,2)",7,25,-0.14829696989350916,0.047201883020218466
"ARIMA(2,1,2)",7,26,-0.14274051100092272,0.010926367322700034
"ARIMA(2,1,2)",7,27,0.17520740995120998,0.031982891167474256
"ARIMA(2,1,2)",7,28,0.4887759908447424,0.0675949040273201
HistGradientBoosting,30,0,1.0,1.0
HistGradientBoosting,30,1,0.6490039665701801,0.6490039665701801
HistGradientBoosting,30,2,0.40898336113681155,-0.021117687166085933
HistGradientBoosting,30,3,0.34912110919127876,0.15865820660446026
HistGradientBoosting,30,4,0.2961539294790527,0.021787570258421273
HistGradientBoosting,30,5,0.22903565386870967,0.005019909804539698
HistGradientBoosting,30,6,0.3447784310044926,0.29889971107816765
HistGradientBoosting,30,7,0.49355342199155955,0.2549116865495084
HistGradientBoosting,30,8,0.2857950520656088,-0.34752645836676105
HistGradientBoosting,30,9,0.08023830421080823,-0.17570273693427998
HistGradientBoosting,30,10,0.08910727156341683,0.1041717209815942
HistGradientBoosting,30,11,0.06386938392979855,-0.020738528226775632
HistGradientBoosting,30,12,0.033381268569066085,0.039169531697475835
HistGradientBoosting,30,13,0.1948606527156196,0.1871508303183598
HistGradientBoosting,30,14,0.35718048853256357,0.10744895494351579
HistGradientBoosting,30,15,0.18503968086586273,-0.1792350327858319
HistGradientBoosting,30,16,0.044245075724116276,0.023947856160854757
HistGradientBoosting,30,17,0.040289088198402656,-0.04937639146455406
HistGradientBoosting,30,18,0.04057276054440883,0.04051589575860384
HistGradientBoosting,30,19,0.04020435545403107,0.09997705590110019
HistGradientBoosting,30,20,0.1582751440136496,-0.05092202805636762
HistGradientBoosting,30,21,0.3349408374284369,0.16203681784281343
HistGradientBoosting,30,22,0.16703292274733217,-0.132596741016356
HistGradientBoosting,30,23,0.025247435440998747,-0.03464167352974669
HistGradientBoosting,30,24,0.032654277474670285,0.03972953698273574
HistGradientBoosting,30,25,0.037948299764966865,0.04126406307390194
HistGradientBoosting,30,26,0.03285797786103472,0.0024494374200387877
HistGradientBoosting,30,27,0.1379355882690996,-0.0018208321660472104
HistGradientBoosting,30,28,0.2746372273576519,0.03745479716261047
Seasonal Naive,30,0,1.0,1.0
Seasonal Naive,30,1,0.7341061031022226,0.7341061031022226
Seasonal Naive,30,2,0.6718305060260641,0.28827180340416764
Seasonal Naive,30,3,0.5719208212753377,0.02194573702018665
Seasonal Naive,30,4,0.510663076388278,0.031675079307664375
Seasonal Naive,30,5,0.40754850218992783,-0.0852510492216096
Seasonal Naive,30,6,0.3201142872551073,-0.07796169927302152
Seasonal Naive,30,7,0.30382534909947356,0.10739457947096345
Seasonal Naive,30,8,0.18379296983328308,-0.16149294461471256
Seasonal Naive,30,9,0.1458451446187564,-0.0037836495896490345
Seasonal Naive,30,10,0.10509962032367946,0.039505177419113365
Seasonal Naive,30,11,0.08311407605921586,0.0003240787854781244
Seasonal Naive,30,12,0.06544439384394866,0.04645251909489483
Seasonal Naive,30,13,0.0640715900824426,0.047210058713172756
Seasonal Naive,30,14,0.08458923590415604,0.03393469044580216
Seasonal Naive,30,15,0.008038911995327178,-0.15232675044224853
Seasonal Naive,30,16,0.008692205331574424,-0.011364462666836479
Seasonal Naive,30,17,-0.02210421754571071,-0.03414816231802006
Seasonal Naive,30,18,-0.01748674519778232,0.022509818826809413
Seasonal Naive,30,19,-0.024849852337851884,0.04456028559714555
Seasonal Naive,30,20,-0.032034828369833714,-0.017899056237484987
Seasonal Naive,30,21,-0.04418661922511947,-0.05140515110076812
Seasonal Naive,30,22,-0.06577641130111393,0.011082825346453079
Seasonal Naive,30,23,-0.05766756736245672,0.002090035036587996
Seasonal Naive,30,24,-0.07860274995554686,-0.03572730383766485
Seasonal Naive,30,25,-0.051362665545656896,0.060619459577222035
Seasonal Naive,30,26,-0.08549999567545122,-0.099639458812878
Seasonal Naive,30,27,-0.06537986985506895,0.020440674576287454
Seasonal Naive,30,28,-0.12040261122409562,-0.11372309897065218
Damped Holt-Winters Additive Weekly,30,0,1.0,1.0
Damped Holt-Winters Additive Weekly,30,1,0.8727059862862739,0.872705986286274
Damped Holt-Winters Additive Weekly,30,2,0.8075047191624422,0.19250004330728274
Damped Holt-Winters Additive Weekly,30,3,0.7269333137213786,-0.044083147553659364
Damped Holt-Winters Additive Weekly,30,4,0.6569988241402908,-0.015303159327658838
Damped Holt-Winters Additive Weekly,30,5,0.550406066808706,-0.18591904371597454
Damped Holt-Winters Additive Weekly,30,6,0.465200465466489,-0.04257796583434735
Damped Holt-Winters Additive Weekly,30,7,0.35600518793424346,-0.1361247141867356
Damped Holt-Winters Additive Weekly,30,8,0.30074899034522345,0.1200668742686838
Damped Holt-Winters Additive Weekly,30,9,0.24622881787529163,0.0763970784653309
Damped Holt-Winters Additive Weekly,30,10,0.20147147301637722,0.011591609610942851
Damped Holt-Winters Additive Weekly,30,11,0.15073439121813728,-0.030122628364681523
Damped Holt-Winters Additive Weekly,30,12,0.12000192188480197,-0.02600224518818213
Damped Holt-Winters Additive Weekly,30,13,0.09614690361478098,0.014452074344535227
Damped Holt-Winters Additive Weekly,30,14,0.06963300022078546,-0.061281804896467604
Damped Holt-Winters Additive Weekly,30,15,0.028523625341207583,-0.08078698589777086
Damped Holt-Winters Additive Weekly,30,16,0.005495821258862877,0.021077757687929632
Damped Holt-Winters Additive Weekly,30,17,-0.02746420396996671,-0.040179873290918565
Damped Holt-Winters Additive Weekly,30,18,-0.057130467709611596,-0.03241684212906036
Damped Holt-Winters Additive Weekly,30,19,-0.07213355113290149,0.05768202488319028
Damped Holt-Winters Additive Weekly,30,20,-0.10042327031831311,-0.04852667196420525
Damped Holt-Winters Additive Weekly,30,21,-0.12089485513721508,-0.008775146220996505
Damped Holt-Winters Additive Weekly,30,22,-0.14452081075132964,-0.07264483008696478
Damped Holt-Winters Additive Weekly,30,23,-0.15918728986103958,-0.010920771320563518
Damped Holt-Winters Additive Weekly,30,24,-0.18161038819195585,-0.04239432563272864
Damped Holt-Winters Additive Weekly,30,25,-0.1753412993529309,0.07073221717942874
Damped Holt-Winters Additive Weekly,30,26,-0.18848444666231126,-0.024341292770011336
Damped Holt-Winters Additive Weekly,30,27,-0.1837931833659838,0.014271313646483867
Damped Holt-Winters Additive Weekly,30,28,-0.1813151802504237,0.013593407733138965
Holt-Winters Additive Weekly,30,0,1.0,1.0
Holt-Winters Additive Weekly,30,1,0.8737057557091711,0.873705755709171
Holt-Winters Additive Weekly,30,2,0.8085969421406797,0.1911575753911059
Holt-Winters Additive Weekly,30,3,0.7275367053983566,-0.04783679938348853
Holt-Winters Additive Weekly,30,4,0.6571085512664114,-0.01669165462952591
Holt-Winters Additive Weekly,30,5,0.5506329725015727,-0.18478677982988237
Holt-Winters Additive Weekly,30,6,0.4656344384942089,-0.04032296930644916
Holt-Winters Additive Weekly,30,7,0.35712661486994485,-0.13310635582456715
Holt-Winters Additive Weekly,30,8,0.30170229234707235,0.11931500989848427
Holt-Winters Additive Weekly,30,9,0.24701571010656076,0.07462393070624417
Holt-Winters Additive Weekly,30,10,0.20237842221368216,0.010694980147756617
Holt-Winters Additive Weekly,30,11,0.15179908197662753,-0.03099120015285557
Holt-Winters Additive Weekly,30,12,0.12126062280743685,-0.02422947917317125
Holt-Winters Additive Weekly,30,13,0.09733905274213452,0.0149713470069847
Holt-Winters Additive Weekly,30,14,0.07086534346340018,-0.06046728814783502
Holt-Winters Additive Weekly,30,15,0.029883881632555686,-0.08088289588715891
Holt-Winters Additive Weekly,30,16,0.006514873241986406,0.019021809611616883
Holt-Winters Additive Weekly,30,17,-0.026738156576722804,-0.04083704799763561
Holt-Winters Additive Weekly,30,18,-0.056491523313262,-0.032040672031401096
Holt-Winters Additive Weekly,30,19,-0.07181005384596088,0.05786207048349288
Holt-Winters Additive Weekly,30,20,-0.10009689035352548,-0.04785769687110119
Holt-Winters Additive Weekly,30,21,-0.12082607856078596,-0.009499200180926029
Holt-Winters Additive Weekly,30,22,-0.14437652028419865,-0.07110317608340509
Holt-Winters Additive Weekly,30,23,-0.1590915850058422,-0.01089735742859796
Holt-Winters Additive Weekly,30,24,-0.18174737614319486,-0.044143840180455834
Holt-Winters Additive Weekly,30,25,-0.17525864189441118,0.07335823319799903
Holt-Winters Additive Weekly,30,26,-0.1877502406636186,-0.022961484923956024
Holt-Winters Additive Weekly,30,27,-0.182273156944713,0.016630691218967604
Holt-Winters Additive Weekly,30,28,-0.1790717354729243,0.014247699849687396
"SARIMA(1,1,1)(0,1,1,7)",30,0,1.0,1.0
"SARIMA(1,1,1)(0,1,1,7)",30,1,0.8593496729998938,0.8593496729998937
"SARIMA(1,1,1)(0,1,1,7)",30,2,0.7872533500801644,0.18649371583016863
"SARIMA(1,1,1)(0,1,1,7)",30,3,0.7021868703392105,-0.03341429391845763
"SARIMA(1,1,1)(0,1,1,7)",30,4,0.6303143113463109,-0.0057259081536965755
"SARIMA(1,1,1)(0,1,1,7)",30,5,0.5164108712111564,-0.19114448976965734
"SARIMA(1,1,1)(0,1,1,7)",30,6,0.42974382427674845,-0.03440284648714404
"SARIMA(1,1,1)(0,1,1,7)",30,7,0.3168055856485096,-0.1362730470890834
"SARIMA(1,1,1)(0,1,1,7)",30,8,0.2631818499631464,0.11578935007004305
"SARIMA(1,1,1)(0,1,1,7)",30,9,0.21044989772534697,0.07343004747607389
"SARIMA(1,1,1)(0,1,1,7)",30,10,0.16997573576313763,0.017289645747913657
"SARIMA(1,1,1)(0,1,1,7)",30,11,0.12212935834903461,-0.023662392666051572
"SARIMA(1,1,1)(0,1,1,7)",30,12,0.09486714071857522,-0.031517431138534384
"SARIMA(1,1,1)(0,1,1,7)",30,13,0.07495414640900185,0.015479049645396701
"SARIMA(1,1,1)(0,1,1,7)",30,14,0.051015663086030345,-0.06363406520164548
"SARIMA(1,1,1)(0,1,1,7)",30,15,0.011593064883093033,-0.0763894615585123
"SARIMA(1,1,1)(0,1,1,7)",30,16,-0.007881263541208031,0.023857126823076877
"SARIMA(1,1,1)(0,1,1,7)",30,17,-0.03814582093474056,-0.037312876919612395
"SARIMA(1,1,1)(0,1,1,7)",30,18,-0.06586922033073953,-0.028850386711438903
"SARIMA(1,1,1)(0,1,1,7)",30,19,-0.07909586092157973,0.04727248888868926
"SARIMA(1,1,1)(0,1,1,7)",30,20,-0.10619225215457041,-0.05255675626698434
"SARIMA(1,1,1)(0,1,1,7)",30,21,-0.12498428723239004,-0.007051464013582055
"SARIMA(1,1,1)(0,1,1,7)",30,22,-0.1470934664867993,-0.06945698828684219
"SARIMA(1,1,1)(0,1,1,7)",30,23,-0.15924106475957558,-0.006823271990069546
"SARIMA(1,1,1)(0,1,1,7)",30,24,-0.18063914880834175,-0.042140351275056845
"SARIMA(1,1,1)(0,1,1,7)",30,25,-0.1688830402431838,0.07874451238901722
"SARIMA(1,1,1)(0,1,1,7)",30,26,-0.17920558926819694,-0.025093492257137123
"SARIMA(1,1,1)(0,1,1,7)",30,27,-0.1743874713579325,-0.00364110685994485
"SARIMA(1,1,1)(0,1,1,7)",30,28,-0.1737008502134794,0.00015567206297630783
"ARIMA(2,1,2)",30,0,1.0,1.0
"ARIMA(2,1,2)",30,1,0.58545690981387,0.58545690981387
"ARIMA(2,1,2)",30,2,0.27111760546391883,-0.10900457252763304
"ARIMA(2,1,2)",30,3,0.22167299351387082,0.1685487386706884
"ARIMA(2,1,2)",30,4,0.17440562033413828,-0.020680579078729378
"ARIMA(2,1,2)",30,5,0.09109181437116855,-0.021985380374729496
"ARIMA(2,1,2)",30,6,0.320576659525901,0.432752678306898
"ARIMA(2,1,2)",30,7,0.5438142866217245,0.27230867968732
"ARIMA(2,1,2)",30,8,0.22987283588467497,-0.46777451358557887
"ARIMA(2,1,2)",30,9,-0.0717374122674646,-0.2459951101143612
"ARIMA(2,1,2)",30,10,-0.08366283178959082,0.03228265137919783
"ARIMA(2,1,2)",30,11,-0.10246166357191892,0.03825417372808697
"ARIMA(2,1,2)",30,12,-0.11806503387210417,0.10744304465256967
"ARIMA(2,1,2)",30,13,0.14961923005041783,0.1434472479662457
"ARIMA(2,1,2)",30,14,0.43097250848731633,0.24553230292353623
"ARIMA(2,1,2)",30,15,0.12850340667939963,-0.3228762137243408
"ARIMA(2,1,2)",30,16,-0.1423081780030565,-0.13886313145869614
"ARIMA(2,1,2)",30,17,-0.14526414401436213,-0.0009885630865921345
"ARIMA(2,1,2)",30,18,-0.14575481664076126,0.029904427327704382
"ARIMA(2,1,2)",30,19,-0.1472488659801732,0.10814693038833798
"ARIMA(2,1,2)",30,20,0.10777085901158848,-0.021289148318457393
"ARIMA(2,1,2)",30,21,0.3866751361587121,0.16709820836003755
"ARIMA(2,1,2)",30,22,0.10755583865462913,-0.14512425830497597
"ARIMA(2,1,2)",30,23,-0.15288676871773166,-0.06046235702803699
"ARIMA(2,1,2)",30,24,-0.14855099018404888,0.021488397806072333
"ARIMA(2,1,2)",30,25,-0.12814942940758978,0.05009147069738571
"ARIMA(2,1,2)",30,26,-0.13531577199323636,0.012007039882273416
"ARIMA(2,1,2)",30,27,0.13076551711840578,0.00947220024349868
"ARIMA(2,1,2)",30,28,0.4033220485434747,0.09331050066836015
Holt Additive,30,0,1.0,1.0
Holt Additive,30,1,0.734134976642413,0.7341349766424129
Holt Additive,30,2,0.5166451730640759,-0.04838779383809718
Holt Additive,30,3,0.47526801366828386,0.24599846797921263
Holt Additive,30,4,0.4263450395145371,-0.006673933677055034
Holt Additive,30,5,0.3468337642340769,0.004086131501777874
Holt Additive,30,6,0.46454998288423704,0.41102928025601093
Holt Additive,30,7,0.5825728662145634,0.162435130234661
Holt Additive,30,8,0.3554961302971763,-0.5218807935148253
Holt Additive,30,9,0.13974695438160697,-0.17862439714804598
Holt Additive,30,10,0.11960803204694852,0.0881777008651754
Holt Additive,30,11,0.08679535089215715,0.027198848098284812
Holt Additive,30,12,0.047444841565229684,0.10086920020595136
Holt Additive,30,13,0.19408835434454277,0.1375433126039738
Holt Additive,30,14,0.35528550740677933,0.18476044953452353
Holt Additive,30,15,0.14358591248008692,-0.36806135258592065
Holt Additive,30,16,-0.0487250612493393,-0.11094946142600337
Holt Additive,30,17,-0.06697393335774214,-0.03732682037548278
Holt Additive,30,18,-0.0909892934507232,-0.012238626271445804
Holt Additive,30,19,-0.1215139961503265,0.08442754261216391
Holt Additive,30,20,0.02108079672917323,-0.002546382168030039
Holt Additive,30,21,0.18138706975878782,0.13798653765324737
Holt Additive,30,22,-0.019067218444820185,-0.22023454182480376
Holt Additive,30,23,-0.20549631537395116,-0.07772850768103667
Holt Additive,30,24,-0.21767046891328956,-0.03401561260179768
Holt Additive,30,25,-0.22194539260623358,0.03671425369992259
Holt Additive,30,26,-0.24983100225811936,-0.016116024288862163
Holt Additive,30,27,-0.09414775248903619,0.01538294388603293
Holt Additive,30,28,0.07287150670477278,0.0729752293564162
Linear Regression,90,0,1.0,1.0
Linear Regression,90,1,0.9216099326367765,0.9216099326367766
Linear Regression,90,2,0.8810101662965208,0.2100791357759247
Linear Regression,90,3,0.8573281696909677,0.15517157074790347
Linear Regression,90,4,0.8269043307696179,0.01531002862883396
Linear Regression,90,5,0.7857299990046304,-0.07657185274830927
Linear Regression,90,6,0.7741793848648616,0.14784228427263055
Linear Regression,90,7,0.7686154211144076,0.11754766185807076
Linear Regression,90,8,0.7280562609236085,-0.16198704521072688
Linear Regression,90,9,0.7013986376210822,-0.007684091544218498
Linear Regression,90,10,0.6887462084194242,0.0495055418327833
Linear Regression,90,11,0.6620132652047638,-0.030004173829018328
Linear Regression,90,12,0.6358123836340915,0.018096923167541572
Linear Regression,90,13,0.633103133908095,0.08871675123643513
Linear Regression,90,14,0.634353010691336,0.0855017061207112
Linear Regression,90,15,0.5932364134188848,-0.18909319353726226
Linear Regression,90,16,0.5647223087658615,-0.07100079414410751
Linear Regression,90,17,0.5571932737660678,0.08034002813014678
Linear Regression,90,18,0.5368827417546682,0.02805829754171782
Linear Regression,90,19,0.5162768270310996,0.027911958471089415
Linear Regression,90,20,0.5095163387711967,-0.021426086618721387
Linear Regression,90,21,0.5152781956255992,0.09201771184510432
Linear Regression,90,22,0.4814788789613896,-0.11276995484109721
Linear Regression,90,23,0.4578988877165443,-0.0563070526279294
Linear Regression,90,24,0.44263946894789064,-0.028011413875357122
Linear Regression,90,25,0.430014471175457,0.0949498138903592
Linear Regression,90,26,0.4125675472743641,0.02908543112913086
Linear Regression,90,27,0.40818889187773394,-0.031088382828001252
Linear Regression,90,28,0.416411651917199,0.07622273711304539
Damped Holt-Winters Additive Weekly,90,0,1.0,1.0
Damped Holt-Winters Additive Weekly,90,1,0.9299545785575708,0.9299545785575706
Damped Holt-Winters Additive Weekly,90,2,0.8755167097177888,0.07915991091243556
Damped Holt-Winters Additive Weekly,90,3,0.8261668436359156,0.020933997330389222
Damped Holt-Winters Additive Weekly,90,4,0.7821177608980309,0.021813741872722774
Damped Holt-Winters Additive Weekly,90,5,0.7272030273030502,-0.0944629921715985
Damped Holt-Winters Additive Weekly,90,6,0.6830569874039794,0.036690312324120886
Damped Holt-Winters Additive Weekly,90,7,0.6401561231918619,-0.006377517952642088
Damped Holt-Winters Additive Weekly,90,8,0.6210681081544639,0.15650552615259392
Damped Holt-Winters Additive Weekly,90,9,0.5969165514474944,-0.002940795567297464
Damped Holt-Winters Additive Weekly,90,10,0.576033227178835,0.013900599465216623
Damped Holt-Winters Additive Weekly,90,11,0.553797947032363,-0.007199035643574258
Damped Holt-Winters Additive Weekly,90,12,0.5468832686207906,0.08275126398905809
Damped Holt-Winters Additive Weekly,90,13,0.5471645447310111,0.09968518992887207
Damped Holt-Winters Additive Weekly,90,14,0.538254293808831,-0.04286214017049605
Damped Holt-Winters Additive Weekly,90,15,0.5202189963977907,-0.04216084455559221
Damped Holt-Winters Additive Weekly,90,16,0.5127690106737706,0.04305292736919967
Damped Holt-Winters Additive Weekly,90,17,0.5026139867001465,-0.004176967137049785
Damped Holt-Winters Additive Weekly,90,18,0.49416220014429696,0.033197056432347084
Damped Holt-Winters Additive Weekly,90,19,0.494074515250864,0.10669726852259713
Damped Holt-Winters Additive Weekly,90,20,0.48426021611593834,-0.049097788570134186
Damped Holt-Winters Additive Weekly,90,21,0.48068137765522806,0.03348073949668803
Damped Holt-Winters Additive Weekly,90,22,0.47056276132998065,-0.0577853954624116
Damped Holt-Winters Additive Weekly,90,23,0.4652460671169395,0.0502018071735593
Damped Holt-Winters Additive Weekly,90,24,0.4545423835396485,-0.005962631117342714
Damped Holt-Winters Additive Weekly,90,25,0.4404733759453761,-0.0385303211014418
Damped Holt-Winters Additive Weekly,90,26,0.4250243206791706,-0.006918717689734142
Damped Holt-Winters Additive Weekly,90,27,0.40341420898187447,-0.0891060686708919
Damped Holt-Winters Additive Weekly,90,28,0.3804456060773588,0.004481649942010183
Holt-Winters Additive Weekly,90,0,1.0,1.0
Holt-Winters Additive Weekly,90,1,0.9309772618789118,0.9309772618789119
Holt-Winters Additive Weekly,90,2,0.8774670381547994,0.08064426866854525
Holt-Winters Additive Weekly,90,3,0.8285081927970804,0.01817628835678166
Holt-Winters Additive Weekly,90,4,0.7850339158828813,0.023382852117294246
Holt-Winters Additive Weekly,90,5,0.7306461224565401,-0.09547227274929666
Holt-Winters Additive Weekly,90,6,0.6872234125576204,0.03917493288734524
Holt-Winters Additive Weekly,90,7,0.6446217920047669,-0.007953966223870351
Holt-Winters Additive Weekly,90,8,0.6255506565648263,0.15624779527853921
Holt-Winters Additive Weekly,90,9,0.6015993830758064,-0.0016125764296421902
Holt-Winters Additive Weekly,90,10,0.5807414909966142,0.01177697975924187
Holt-Winters Additive Weekly,90,11,0.5584937971002835,-0.0066482255308366826
Holt-Winters Additive Weekly,90,12,0.5516480115955628,0.0842647762882743
Holt-Winters Additive Weekly,90,13,0.5517716322232975,0.09984957432440383
Holt-Winters Additive Weekly,90,14,0.5428333805595714,-0.04388871144044335
Holt-Winters Additive Weekly,90,15,0.5248807253503524,-0.04270275526435937
Holt-Winters Additive Weekly,90,16,0.5172132216134075,0.04201742941182507
Holt-Winters Additive Weekly,90,17,0.5069973007933744,-0.003420676023317907
Holt-Winters Additive Weekly,90,18,0.498475577166707,0.03307428200800864
Holt-Winters Additive Weekly,90,19,0.4981716450180436,0.10666618826885378
Holt-Winters Additive Weekly,90,20,0.488424233887761,-0.04814269805639908
Holt-Winters Additive Weekly,90,21,0.4846013413734319,0.03127315996613515
Holt-Winters Additive Weekly,90,22,0.4745304876001043,-0.05682352645650053
Holt-Winters Additive Weekly,90,23,0.4691786556688088,0.05000142811518298
Holt-Winters Additive Weekly,90,24,0.4582420250161017,-0.0068380942049943855
Holt-Winters Additive Weekly,90,25,0.44467685417066555,-0.034801192268578376
Holt-Winters Additive Weekly,90,26,0.4297416687857453,-0.005934989597213137
Holt-Winters Additive Weekly,90,27,0.409363788001632,-0.08290405861472701
Holt-Winters Additive Weekly,90,28,0.3875510662722083,0.005327051100328472
Seasonal Naive,90,0,1.0,1.0
Seasonal Naive,90,1,0.8982452962673951,0.898245296267395
Seasonal Naive,90,2,0.8417671909640307,0.1808004379650745
Seasonal Naive,90,3,0.7796045038186855,-0.011809063068568113
Seasonal Naive,90,4,0.7379617825373109,0.07350755923924503
Seasonal Naive,90,5,0.6986981339861184,0.03318653432981437
Seasonal Naive,90,6,0.6689841921381463,0.0445977678185535
Seasonal Naive,90,7,0.6588867920771978,0.12354038475791983
Seasonal Naive,90,8,0.6085155199715924,-0.1644037009544088
Seasonal Naive,90,9,0.5792678960812794,0.026662364657711712
Seasonal Naive,90,10,0.546451385502877,0.019624880588945386
Seasonal Naive,90,11,0.5246552483242324,0.020357065883349297
Seasonal Naive,90,12,0.531303048700656,0.18400059731186208
Seasonal Naive,90,13,0.5417457211199475,0.09309380369205554
Seasonal Naive,90,14,0.5620645492379108,0.07907526121639731
Seasonal Naive,90,15,0.5139434259735411,-0.2652176554608257
Seasonal Naive,90,16,0.5019042430829623,0.055903397736061455
Seasonal Naive,90,17,0.47824646780455243,0.02556968780170119
Seasonal Naive,90,18,0.4707100620231271,0.054585619554911397
Seasonal Naive,90,19,0.4830595689336294,0.13831575498847032
Seasonal Naive,90,20,0.48296180360062513,-0.05151415385941479
Seasonal Naive,90,21,0.5051030278405194,0.09479777751274823
Seasonal Naive,90,22,0.4666564241863599,-0.16200038695022176
Seasonal Naive,90,23,0.45729118792640105,0.03487272058843262
Seasonal Naive,90,24,0.43317751711602515,0.02674153784363997
Seasonal Naive,90,25,0.4228299412824635,0.0037758916385666167
Seasonal Naive,90,26,0.42335312937496805,0.0026417121502585557
Seasonal Naive,90,27,0.41438315810538323,-0.06169317458004644
Seasonal Naive,90,28,0.41744520084625647,0.02283276804132555
"SARIMA(1,1,1)(0,1,1,7)",90,0,1.0,1.0
"SARIMA(1,1,1)(0,1,1,7)",90,1,0.9413676696241218,0.9413676696241217
"SARIMA(1,1,1)(0,1,1,7)",90,2,0.8956309734689151,0.08309005319249935
"SARIMA(1,1,1)(0,1,1,7)",90,3,0.8537290324815983,0.021650748017956765
"SARIMA(1,1,1)(0,1,1,7)",90,4,0.816587567544383,0.028018606752111597
"SARIMA(1,1,1)(0,1,1,7)",90,5,0.7700145520593065,-0.0925738985955134
"SARIMA(1,1,1)(0,1,1,7)",90,6,0.7325234483846117,0.041725427166635035
"SARIMA(1,1,1)(0,1,1,7)",90,7,0.6950891550134053,-0.010203086607651901
"SARIMA(1,1,1)(0,1,1,7)",90,8,0.6778136278942161,0.15911874002890214
"SARIMA(1,1,1)(0,1,1,7)",90,9,0.6566958460668827,0.0024452648859001644
"SARIMA(1,1,1)(0,1,1,7)",90,10,0.6379763727253678,0.012508665658088199
"SARIMA(1,1,1)(0,1,1,7)",90,11,0.6180352194019124,-0.004051138863838588
"SARIMA(1,1,1)(0,1,1,7)",90,12,0.6110978993743031,0.08396343138650811
"SARIMA(1,1,1)(0,1,1,7)",90,13,0.6095309503556262,0.09389794573447116
"SARIMA(1,1,1)(0,1,1,7)",90,14,0.6003732359054359,-0.045770546695005986
"SARIMA(1,1,1)(0,1,1,7)",90,15,0.5838430785886514,-0.039140029748911884
"SARIMA(1,1,1)(0,1,1,7)",90,16,0.5761038528855177,0.04462241240708232
"SARIMA(1,1,1)(0,1,1,7)",90,17,0.566247492465627,-0.0030400055008781273
"SARIMA(1,1,1)(0,1,1,7)",90,18,0.5577324892929004,0.03063577806119308
"SARIMA(1,1,1)(0,1,1,7)",90,19,0.5557517238778538,0.10051854854308591
"SARIMA(1,1,1)(0,1,1,7)",90,20,0.5458078506779428,-0.04971610151889981
"SARIMA(1,1,1)(0,1,1,7)",90,21,0.5406816035154514,0.02940695539945322
"SARIMA(1,1,1)(0,1,1,7)",90,22,0.5306894686055083,-0.05414418621314768
"SARIMA(1,1,1)(0,1,1,7)",90,23,0.5248717517991555,0.05191193687913654
"SARIMA(1,1,1)(0,1,1,7)",90,24,0.5139659661070418,-0.012558332675416253
"SARIMA(1,1,1)(0,1,1,7)",90,25,0.5002315160561009,-0.04354687280094509
"SARIMA(1,1,1)(0,1,1,7)",90,26,0.48562451433724135,-0.004457516966666338
"SARIMA(1,1,1)(0,1,1,7)",90,27,0.4664396520989685,-0.08122609967336207
"SARIMA(1,1,1)(0,1,1,7)",90,28,0.4461829673497544,0.006805908155806786
"ARIMA(2,1,2)",90,0,1.0,1.0
"ARIMA(2,1,2)",90,1,0.7976529869008284,0.7976529869008282
"ARIMA(2,1,2)",90,2,0.6088337076461883,-0.07537210044259482
"ARIMA(2,1,2)",90,3,0.5686545545772287,0.29454985010794194
"ARIMA(2,1,2)",90,4,0.5393495099076229,0.01124609774889655
"ARIMA(2,1,2)",90,5,0.5103660698938699,0.12020506250999087
"ARIMA(2,1,2)",90,6,0.632166150966765,0.4799369635959654
"ARIMA(2,1,2)",90,7,0.7578444080131181,0.2617104953978333
"ARIMA(2,1,2)",90,8,0.5898865747927857,-0.5425908722633221
"ARIMA(2,1,2)",90,9,0.41972028874282613,-0.05313099751207948
"ARIMA(2,1,2)",90,10,0.40013514970075853,0.112888944322561
"ARIMA(2,1,2)",90,11,0.38853072113981996,0.04653724658529806
"ARIMA(2,1,2)",90,12,0.3905195550662257,0.18439269980439973
"ARIMA(2,1,2)",90,13,0.5387439729397361,0.19659371658492744
"ARIMA(2,1,2)",90,14,0.6849926368708069,0.14854101209602016
"ARIMA(2,1,2)",90,15,0.5193795056556983,-0.3993179549269822
"ARIMA(2,1,2)",90,16,0.3622820786117487,0.038274446063730164
"ARIMA(2,1,2)",90,17,0.3488126264454317,0.047522365318307606
"ARIMA(2,1,2)",90,18,0.34672688184592537,0.07631028209858655
"ARIMA(2,1,2)",90,19,0.35383834611882087,0.11783478945325257
"ARIMA(2,1,2)",90,20,0.49310442315448066,-0.012975483075072193
"ARIMA(2,1,2)",90,21,0.6390775520093164,0.13966692665135308
"ARIMA(2,1,2)",90,22,0.4811460563102495,-0.22329054277990576
"ARIMA(2,1,2)",90,23,0.3275268540655396,0.04061910112135109
"ARIMA(2,1,2)",90,24,0.31387873676119393,0.010736486871498349
"ARIMA(2,1,2)",90,25,0.3098585196383098,0.013224756402279917
"ARIMA(2,1,2)",90,26,0.30637999861982024,-0.031037541015669915
"ARIMA(2,1,2)",90,27,0.43889172283482386,0.002354580728147039
"ARIMA(2,1,2)",90,28,0.5701143325694192,0.0413681876395648
Holt Additive,90,0,1.0,1.0
Holt Additive,90,1,0.8476924849435052,0.8476924849435051
Holt Additive,90,2,0.7053415669313599,-0.04705103415826212
Holt Additive,90,3,0.6743814991206426,0.31418409037170236
Holt Additive,90,4,0.6508170350726709,0.02304101653311565
Holt Additive,90,5,0.6267648003000743,0.12831791750330052
Holt Additive,90,6,0.7170201933250404,0.4829431036243937
Holt Additive,90,7,0.8088653352721401,0.2435592002326694
Holt Additive,90,8,0.6839530969564265,-0.5252409823098065
Holt Additive,90,9,0.5553073739430853,-0.05932808941028981
Holt Additive,90,10,0.5385108201644997,0.11336029756620655
Holt Additive,90,11,0.5272844548403062,0.05456662749762352
Holt Additive,90,12,0.5271208159063242,0.18690865467721635
Holt Additive,90,13,0.6366488188261727,0.18917325608199204
Holt Additive,90,14,0.7443238677717424,0.14656182283841113
Holt Additive,90,15,0.6207446850222972,-0.3977845214895347
Holt Additive,90,16,0.5013254711951654,0.02468560466522619
Holt Additive,90,17,0.4888309898384224,0.05658170201204502
Holt Additive,90,18,0.4841339598570212,0.07888882461859995
Holt Additive,90,19,0.48712724473750546,0.11500484853798384
Holt Additive,90,20,0.5900643198734501,-0.014577868285631203
Holt Additive,90,21,0.6972516991768959,0.12684611121001485
Holt Additive,90,22,0.57903867194053,-0.2330012984113861
Holt Additive,90,23,0.4623869905318085,0.0435540108279104
Holt Additive,90,24,0.44909874068843786,0.014024698160451689
Holt Additive,90,25,0.44095022320738664,-0.0019014641462913801
Holt Additive,90,26,0.4349658921802714,-0.02678492840231905
Holt Additive,90,27,0.5318581809008226,-0.010473237574884855
Holt Additive,90,28,0.6289647510853816,0.05592549003123298
