model,horizon_days,lag,statistic,p_value,significant_at_0_05
Damped Holt-Winters Additive Weekly,7,7,433.3285151776518,1.6858437031752507e-89,True
Damped Holt-Winters Additive Weekly,7,14,499.57910758340176,1.138686024119499e-97,True
Damped Holt-Winters Additive Weekly,7,28,501.1884435732734,3.834349566750968e-88,True
Holt-Winters Additive Weekly,7,7,433.5747841197454,1.4926387211389498e-89,True
Holt-Winters Additive Weekly,7,14,499.84872133778106,9.982936200096401e-98,True
Holt-Winters Additive Weekly,7,28,501.4754669460774,3.346449284230814e-88,True
Random Forest,7,7,239.16032190711454,5.606160780447737e-48,True
Random Forest,7,14,382.7756558234987,5.360853458993358e-73,True
Random Forest,7,28,637.6657768059666,2.007682598351041e-116,True
"SARIMA(1,1,1)(0,1,1,7)",7,7,408.26925368204604,4.0178952538563796e-84,True
"SARIMA(1,1,1)(0,1,1,7)",7,14,444.9101460507592,4.235748402248704e-86,True
"SARIMA(1,1,1)(0,1,1,7)",7,28,448.9914498191648,1.9950401927090317e-77,True
Seasonal Naive,7,7,480.83730222173745,1.0540744965788677e-99,True
Seasonal Naive,7,14,615.3870367577883,2.820358872625377e-122,True
Seasonal Naive,7,28,621.3756240671203,4.9480267501465617e-113,True
Holt Additive,7,7,171.2116084532252,1.3940291697409482e-33,True
Holt Additive,7,14,369.47471016274733,3.356144743384362e-70,True
Holt Additive,7,28,660.5704172834631,3.3699101616741375e-121,True
"ARIMA(2,1,2)",7,7,227.20354198041994,1.949135427410699e-45,True
"ARIMA(2,1,2)",7,14,396.36619199718047,7.387947135153319e-76,True
"ARIMA(2,1,2)",7,28,717.690280548189,3.8996513044871895e-133,True
HistGradientBoosting,30,7,449.40240332298976,5.967363859547242e-93,True
HistGradientBoosting,30,14,550.5738778371735,1.719163909051644e-108,True
HistGradientBoosting,30,28,669.8080948205206,3.979650217446099e-123,True
Seasonal Naive,30,7,717.2681047384896,1.3040436944934926e-150,True
Seasonal Naive,30,14,750.6471758849545,3.936581999389801e-151,True
Seasonal Naive,30,28,769.2085918218517,6.226911621696206e-144,True
Damped Holt-Winters Additive Weekly,30,7,1117.517503207664,4.8148868551453376e-237,True
Damped Holt-Winters Additive Weekly,30,14,1209.016853530711,1.9986304082437348e-249,True
Damped Holt-Winters Additive Weekly,30,28,1306.156726393862,1.5158546212284332e-257,True
Holt-Winters Additive Weekly,30,7,1119.7326147913004,1.598552321046703e-237,True
Holt-Winters Additive Weekly,30,14,1212.1226978175944,4.295178607705947e-250,True
Holt-Winters Additive Weekly,30,28,1308.5334629394436,4.729376016630781e-258,True
"SARIMA(1,1,1)(0,1,1,7)",30,7,1036.049340345467,1.9549743937638808e-219,True
"SARIMA(1,1,1)(0,1,1,7)",30,14,1101.7966780927031,2.1965180636826607e-226,True
"SARIMA(1,1,1)(0,1,1,7)",30,28,1196.1633554301852,3.7116016815032086e-234,True
"ARIMA(2,1,2)",30,7,334.82442039638846,2.178649686500642e-68,True
"ARIMA(2,1,2)",30,14,447.89519742202145,9.910135357233633e-87,True
"ARIMA(2,1,2)",30,28,656.9226641093192,1.9433573157925374e-120,True
Holt Additive,30,7,700.1510918738604,6.398143914069548e-147,True
Holt Additive,30,14,826.5314253393399,2.3300276443471946e-167,True
Holt Additive,30,28,943.9462468041431,1.0079161513372262e-180,True
Linear Regression,90,7,1799.1227164580182,0.0,True
Linear Regression,90,14,2987.4803198425,0.0,True
Linear Regression,90,28,4307.438653462959,0.0,True
Damped Holt-Winters Additive Weekly,90,7,1604.885433811834,0.0,True
Damped Holt-Winters Additive Weekly,90,14,2462.945226010857,0.0,True
Damped Holt-Winters Additive Weekly,90,28,3656.7587706928925,0.0,True
Holt-Winters Additive Weekly,90,7,1616.1216784450323,0.0,True
Holt-Winters Additive Weekly,90,14,2488.2238961683574,0.0,True
Holt-Winters Additive Weekly,90,28,3705.010528032953,0.0,True
Seasonal Naive,90,7,1496.4712913869096,0.0,True
Seasonal Naive,90,14,2317.884860705869,0.0,True
Seasonal Naive,90,28,3488.7414953124608,0.0,True
"SARIMA(1,1,1)(0,1,1,7)",90,7,1740.8980595122978,0.0,True
"SARIMA(1,1,1)(0,1,1,7)",90,14,2794.3362067438393,0.0,True
"SARIMA(1,1,1)(0,1,1,7)",90,28,4323.571589042886,0.0,True
"ARIMA(2,1,2)",90,7,1059.474099322413,1.6933536624683454e-224,True
"ARIMA(2,1,2)",90,14,1721.2601591907053,0.0,True
"ARIMA(2,1,2)",90,28,2721.632239526897,0.0,True
Holt Additive,90,7,1356.3132725923995,1.0931139083094236e-288,True
Holt Additive,90,14,2333.625490782057,0.0,True
Holt Additive,90,28,3891.0312896121163,0.0,True
