model,horizon_days,count,mean_residual,median_residual,std_residual,MAE,RMSE,bias,skewness,kurtosis,acf_lag_1,acf_lag_7,acf_lag_14,acf_lag_28,pct_positive,pct_negative,max_positive_residual,max_negative_residual,first_half_std,second_half_std,variance_ratio,outlier_count_3sigma,outlier_pct_3sigma
Damped Holt-Winters Additive Weekly,7,365,22.579130057128307,2.248003535276439,316.39177043863685,150.92926178895513,316.7638121053884,22.579130057128307,0.5645099933755645,9.044286956807191,0.7508873456567468,-0.3600640579749327,0.03535024662678218,0.014358677119182333,50.95890410958904,49.04109589041096,1371.6527315351022,-1337.579842503059,254.29084075386845,368.0445484978704,2.094784458886411,23,6.301369863013699
Holt-Winters Additive Weekly,7,365,20.012588541715623,0.2947437829898263,316.74647756627724,150.9315843758418,316.94473116131684,20.012588541715623,0.5507316342965737,9.042129500184632,0.7511503790946757,-0.35999816285246217,0.035432096668173874,0.014473579022508658,50.136986301369866,49.86301369863014,1370.4110743792262,-1341.9176559218176,254.71185316934276,368.3984931680248,2.0918829449769287,23,6.301369863013699
Random Forest,7,365,57.03639726027398,23.88500000000022,233.81547581735506,163.14119178082194,240.36024506535338,57.03639726027398,0.6201080728202648,2.1790479103603495,0.4757802248702729,0.5626892613954337,0.508493472442158,0.46038856229234604,55.342465753424655,44.657534246575345,900.625,-976.5550000000003,241.20910329521675,208.742859917059,0.7489207615783715,3,0.821917808219178
"SARIMA(1,1,1)(0,1,1,7)",7,365,3.2442809437875924,-24.410184080678846,313.3651189967303,164.982654267276,312.952373971142,3.2442809437875924,1.2123538197530295,8.03264175353002,0.7550209762488882,-0.24265600956346625,-0.024583541045018323,-0.009239194301762173,41.917808219178085,58.082191780821915,1408.7043957167816,-1083.9887310552676,265.1890885301025,353.8268648740723,1.7802061925667405,22,6.027397260273973
Seasonal Naive,7,365,4.147945205479452,6.0,397.6398572503301,209.55068493150685,397.11643508384117,4.147945205479452,-0.04741004275866769,4.6314264573753485,0.7575257530304292,-0.39676442225310177,-0.049199556506543736,0.026032729797776592,52.32876712328767,46.849315068493155,1348.0,-1454.0,334.30226861304726,451.10089986379273,1.8208272291612944,10,2.73972602739726
Holt Additive,7,365,169.96022177587793,11.57045919821212,436.3893105364416,293.1106596390455,467.7610136421819,169.96022177587793,0.8178789165803992,2.8576030788425832,0.5307382097587348,0.2829027270749006,0.48122252709860486,0.45424248923731525,52.602739726027394,47.397260273972606,1949.0461246522946,-1229.0998860108202,403.70581860765316,467.46805604890875,1.340830438549185,9,2.4657534246575343
"ARIMA(2,1,2)",7,365,-2.530892048534269,-146.49739277733443,434.391314230681,342.3186365695347,433.80323242349664,-2.530892048534269,1.2145142214937144,2.125817891655199,0.5526074016767102,0.4849977236455001,0.4219128811254297,0.4887759908447424,32.87671232876712,67.12328767123287,1843.844541987366,-873.7209326038874,401.4730297647123,461.18242090913174,1.3195709270427687,6,1.643835616438356
HistGradientBoosting,30,365,105.90746077407454,70.1839759977338,214.37682719428827,168.8839472056461,238.84702957062945,105.90746077407454,0.7249087282508683,1.0760556457310555,0.6490039665701801,0.49355342199155955,0.35718048853256357,0.2746372273576519,67.3972602739726,32.602739726027394,922.1400876271773,-569.5000991133556,209.30124838831028,193.5355428495171,0.855023069201571,3,0.821917808219178
Seasonal Naive,30,365,-20.602739726027398,-25.0,430.03583225754613,277.74246575342465,429.94026345178037,-20.602739726027398,0.4853404918863645,2.7111241944194937,0.7341061031022226,0.30382534909947356,0.08458923590415604,-0.12040261122409562,45.75342465753425,53.6986301369863,1729.0,-1104.0,343.2455339399605,476.2994098094008,1.9255300306819796,3,0.821917808219178
Damped Holt-Winters Additive Weekly,30,365,-83.03908652820215,-45.13218244333257,423.3078656220558,279.78586201913726,430.8063471183296,-83.03908652820215,0.20089400116069384,2.2825569563834094,0.8727059862862739,0.35600518793424346,0.06963300022078546,-0.1813151802504237,38.35616438356164,61.64383561643836,1695.4450335553402,-1097.2166548112264,365.262000282102,470.13500302880385,1.6566706862490397,3,0.821917808219178
Holt-Winters Additive Weekly,30,365,-93.4810775468883,-51.051375684837694,425.71289878372704,283.6361913890058,435.2857216459396,-93.4810775468883,0.18445107741186798,2.223475931187573,0.8737057557091711,0.35712661486994485,0.07086534346340018,-0.1790717354729243,37.534246575342465,62.465753424657535,1679.5801016539108,-1104.1000387961913,368.3700213554957,472.39420082464596,1.6445252897292284,3,0.821917808219178
"SARIMA(1,1,1)(0,1,1,7)",30,365,-83.5406930253614,-67.48566827526702,403.9919357119543,285.5411406898009,411.99682309441056,-83.5406930253614,0.6894481514940848,2.7372532370952616,0.8593496729998938,0.3168055856485096,0.051015663086030345,-0.1737008502134794,38.63013698630137,61.369863013698634,1682.1466633919636,-996.165445290384,392.8023033480413,414.72243715632493,1.1147231297006426,8,2.191780821917808
"ARIMA(2,1,2)",30,365,4.709427809397003,-96.82071880419244,461.53140331147864,358.63071605608707,460.92279453818793,4.709427809397003,1.0222210480828466,1.640187203295902,0.58545690981387,0.5438142866217245,0.43097250848731633,0.4033220485434747,40.273972602739725,59.726027397260275,2175.2035160592377,-815.9349632477124,390.12895407499377,497.36433419738177,1.625297663865553,5,1.36986301369863
Holt Additive,30,365,-69.7279372489721,-92.96443175129389,590.249791131409,446.5397353978746,593.5505832013417,-69.7279372489721,0.2637413011190734,0.7728045284457381,0.734134976642413,0.5825728662145634,0.35528550740677933,0.07287150670477278,40.0,60.0,2273.1700968918385,-1383.9256484734606,573.9675063906318,593.7070426455873,1.0699655329115074,3,0.821917808219178
Linear Regression,90,365,-221.2252100048326,-136.94222282704777,304.82429875347367,253.74052870902528,376.3029061695544,-221.2252100048326,-1.377217003489611,1.3417002082974108,0.9216099326367765,0.7686154211144076,0.634353010691336,0.416411651917199,15.890410958904111,84.10958904109589,373.43549704630277,-1132.7365136654998,150.13863766901227,372.13928152161105,6.143644648715197,0,0.0
Damped Holt-Winters Additive Weekly,90,365,81.60941146609217,13.365087108023545,522.8455304723643,358.45568536402436,528.4681569029752,81.60941146609217,0.7353845516121978,1.6250036466789126,0.9299545785575708,0.6401561231918619,0.538254293808831,0.3804456060773588,52.054794520547944,47.94520547945205,1998.5881214167339,-989.8359763669359,453.8947597391652,486.4522625287245,1.148603453525684,7,1.9178082191780823
Holt-Winters Additive Weekly,90,365,53.764357032372935,-13.634245011580788,527.6869100517251,361.14253735821313,529.6991550815009,53.764357032372935,0.6612632955446803,1.5679682890171431,0.9309772618789118,0.6446217920047669,0.5428333805595714,0.3875510662722083,47.94520547945205,52.054794520547944,1974.035188721592,-1057.6634702301008,456.1011294363447,496.3913369336336,1.18447552630003,7,1.9178082191780823
Seasonal Naive,90,365,79.09041095890412,37.0,536.6506886081689,377.627397260274,541.7196970177347,79.09041095890412,0.6016779680745932,1.3965167124969824,0.8982452962673951,0.6588867920771978,0.5620645492379108,0.41744520084625647,55.89041095890411,44.109589041095894,2076.0,-1086.0,451.381371888007,500.04512718950207,1.2272446139441529,6,1.643835616438356
"SARIMA(1,1,1)(0,1,1,7)",90,365,42.967988432287314,-17.881046475389667,582.5354058186999,408.72117950149703,583.3215475934721,42.967988432287314,0.4814086271808188,1.145453600584525,0.9413676696241218,0.6950891550134053,0.6003732359054359,0.4461829673497544,47.94520547945205,52.054794520547944,2050.2708240017637,-1195.3656009767392,495.1643987181885,543.961265886345,1.2068050726801223,7,1.9178082191780823
"ARIMA(2,1,2)",90,365,56.42089188474241,-62.34851374878144,638.6105761394278,489.03158409547154,640.2261010209254,56.42089188474241,0.5250475196217057,0.7280368908504937,0.7976529869008284,0.7578444080131181,0.6849926368708069,0.5701143325694192,44.657534246575345,55.342465753424655,2468.033223509774,-1272.301920145731,546.0343788903443,576.0270432107482,1.1128734250454158,2,0.547945205479452
Holt Additive,90,365,-78.6716046461206,-123.19406248616542,746.0508353100518,590.2634671232211,749.1703151283051,-78.6716046461206,0.3313604538322722,0.3138641468525396,0.8476924849435052,0.8088653352721401,0.7443238677717424,0.6289647510853816,40.54794520547945,59.45205479452055,2544.6148103573314,-1635.0328223194083,589.627737445867,608.3105711613578,1.0643756149508419,2,0.547945205479452
