order,p,d,q,AIC,BIC,log_likelihood,converged
"(0, 1, 0)",0,1,0,36615.597427488545,36621.432611243814,-18306.798713744272,True
"(0, 1, 1)",0,1,1,36590.8179928921,36602.48836040263,-18293.40899644605,True
"(1, 1, 0)",1,1,0,36612.31299404143,36623.98336155196,-18304.156497020715,True
"(1, 1, 1)",1,1,1,36107.475502348534,36124.981053614334,-18050.737751174267,True
"(2, 1, 0)",2,1,0,36186.27896521994,36203.78451648574,-18090.13948260997,True
"(0, 1, 2)",0,1,2,35872.454062236575,35889.959613502375,-17933.227031118287,True
"(2, 1, 1)",2,1,1,35904.34091657134,35927.68165159241,-17948.17045828567,True
"(1, 1, 2)",1,1,2,35863.670157612156,35887.010892633225,-17927.835078806078,True
"(2, 1, 2)",2,1,2,35857.65039045973,35886.82630923606,-17923.825195229863,True
