origin_date,horizon_days,model,test_observations,MAE,RMSE,MAPE,WAPE,Bias,dataset_id,evaluation_run_id
2025-01-01,7,Random Forest,7,49.76642857142867,55.44776026006056,0.009449019391058777,0.00946772659328715,2.6964285714287013,,prod_eval_2025
2025-01-08,7,Random Forest,7,38.36499999999991,45.9834827876891,0.007122937216708804,0.007211466165413517,32.96642857142836,,prod_eval_2025
2025-01-15,7,Random Forest,7,89.845,106.28294606850137,0.016106495035953048,0.016535599726560445,89.845,,prod_eval_2025
2025-01-22,7,Random Forest,7,182.9457142857144,269.7963635252125,0.03077115449062806,0.03264139882241992,182.9457142857144,,prod_eval_2025
2025-01-29,7,Random Forest,7,55.16571428571414,78.38774106963402,0.009863778827382614,0.009909669472387573,6.2814285714286076,,prod_eval_2025
2025-02-05,7,Random Forest,7,109.44999999999995,122.72654730858244,0.018964424593759164,0.019264036609589894,104.37000000000002,,prod_eval_2025
2025-02-12,7,Random Forest,7,106.74214285714295,114.96497539623599,0.018334464566866864,0.01854450014891295,106.74214285714295,,prod_eval_2025
2025-02-19,7,Random Forest,7,184.67071428571424,198.88865832599464,0.030813043468829425,0.03139743029243174,184.67071428571424,,prod_eval_2025
2025-02-26,7,Random Forest,7,361.315,467.2322899609388,0.051568166282107954,0.05488368812794306,361.315,,prod_eval_2025
2025-03-05,7,Random Forest,7,217.4071428571429,249.103517079604,0.032597211528054754,0.0333570786664621,217.4071428571429,,prod_eval_2025
2025-03-12,7,Random Forest,7,175.67857142857142,223.5466741612844,0.027966042400317498,0.02893529411764706,55.69857142857135,,prod_eval_2025
2025-03-19,7,Random Forest,7,223.75357142857138,268.5133908272945,0.035441096126549866,0.03649034317265801,32.19928571428578,,prod_eval_2025
2025-03-26,7,Random Forest,7,166.3207142857144,249.49084573100356,0.025567071976791585,0.026859960779790075,92.24214285714281,,prod_eval_2025
2025-04-02,7,Random Forest,7,204.13999999999993,261.69569717790284,0.031721388734061766,0.032907608695652166,56.328571428571585,,prod_eval_2025
2025-04-09,7,Random Forest,7,206.29428571428565,301.9109511807367,0.03126537543535006,0.03301085838381528,108.17142857142868,,prod_eval_2025
2025-04-16,7,Random Forest,7,213.8007142857145,330.1683344631083,0.03198691637012183,0.033738474717644705,213.8007142857145,,prod_eval_2025
2025-04-23,7,Random Forest,7,212.9614285714285,336.2675895346273,0.031778721230821205,0.03383485780430785,154.70714285714297,,prod_eval_2025
2025-04-30,7,Random Forest,7,205.1914285714286,313.1653966699202,0.03077985002808232,0.03241863404505033,199.22428571428568,,prod_eval_2025
2025-05-07,7,Random Forest,7,226.17000000000007,362.2100154705043,0.03340513808118836,0.035696827579986934,187.37999999999997,,prod_eval_2025
2025-05-14,7,Random Forest,7,246.9442857142858,373.89152663955514,0.03669428055503138,0.0388137686366086,226.22571428571428,,prod_eval_2025
2025-05-21,7,Random Forest,7,202.86642857142866,338.48683797474746,0.030070869971860478,0.032050578915295565,198.40071428571432,,prod_eval_2025
2025-05-28,7,Random Forest,7,209.30214285714297,307.39648329036845,0.031818026196868965,0.03332230258369725,143.20071428571424,,prod_eval_2025
2025-06-04,7,Random Forest,7,212.9228571428574,311.17280689353316,0.03226561815183283,0.03400625156859618,117.25285714285708,,prod_eval_2025
2025-06-11,7,Random Forest,7,208.51428571428565,278.1095419973935,0.03249037277214572,0.03353629115640005,90.50571428571428,,prod_eval_2025
2025-06-18,7,Random Forest,7,221.1950000000001,255.89883065802178,0.035455646604023214,0.03602943571844097,-5.802142857142956,,prod_eval_2025
2025-06-25,7,Random Forest,7,200.79142857142855,226.4659882379061,0.032798574828354944,0.03292125357193048,-39.142857142857274,,prod_eval_2025
2025-07-02,7,Random Forest,7,254.42428571428562,269.8923085761641,0.04317256741115259,0.0425214879190144,-163.64142857142855,,prod_eval_2025
2025-07-09,7,Random Forest,7,254.49642857142877,278.3692462680769,0.04395479817964908,0.04302040569910653,-205.72642857142858,,prod_eval_2025
2025-07-16,7,Random Forest,7,219.14071428571438,256.9860631365612,0.03820523789095488,0.037462695679781194,-165.54785714285728,,prod_eval_2025
2025-07-23,7,Random Forest,7,135.96428571428572,181.1244536223644,0.024088227711474175,0.023789586822306096,-135.96428571428572,,prod_eval_2025
2025-07-30,7,Random Forest,7,310.3135714285714,378.48962958523896,0.044722635632215534,0.04749316745741959,310.3135714285714,,prod_eval_2025
2025-08-06,7,Random Forest,7,174.67428571428587,183.76500638431855,0.029820901334016096,0.029691362521551228,-146.0785714285716,,prod_eval_2025
2025-08-13,7,Random Forest,7,246.50571428571428,257.3860351134626,0.044330668658822805,0.04422647119130613,-153.2828571428572,,prod_eval_2025
2025-08-20,7,Random Forest,7,80.21285714285712,93.6198529769651,0.014758270402612588,0.014720656476942028,-80.21285714285712,,prod_eval_2025
2025-08-27,7,Random Forest,7,70.35857142857147,79.3888758400247,0.01326492399813716,0.013046968131606142,-63.53428571428568,,prod_eval_2025
2025-09-03,7,Random Forest,7,87.8192857142858,104.17164453439341,0.016930123451877412,0.01658711313779986,-64.94928571428578,,prod_eval_2025
2025-09-10,7,Random Forest,7,53.86428571428561,67.64320539207377,0.010139831619613475,0.010194673516290368,10.074285714285518,,prod_eval_2025
2025-09-17,7,Random Forest,7,36.66285714285719,43.51598934381976,0.0070845303813372095,0.007083632348882151,-29.307142857142935,,prod_eval_2025
2025-09-24,7,Random Forest,7,50.552142857142826,58.64818286674725,0.009634639312111863,0.009806972812681867,14.976428571428446,,prod_eval_2025
2025-10-01,7,Random Forest,7,88.01571428571437,128.88552930521607,0.01687715462190952,0.017035613559696967,23.888571428571336,,prod_eval_2025
2025-10-08,7,Random Forest,7,67.44714285714274,79.12225477070271,0.013258804276820049,0.013342659318920425,-37.171428571428415,,prod_eval_2025
2025-10-15,7,Random Forest,7,75.41428571428567,93.57394864109195,0.014571434079915058,0.014936057039384327,28.715714285714576,,prod_eval_2025
2025-10-22,7,Random Forest,7,56.08499999999991,63.93711243423941,0.011124703342915817,0.011116947472745274,56.08499999999991,,prod_eval_2025
2025-10-29,7,Random Forest,7,182.28357142857152,294.1381185466156,0.032689588016762694,0.03540174236328831,144.315,,prod_eval_2025
2025-11-05,7,Random Forest,7,72.55142857142853,103.23020204516563,0.013669409951016068,0.014305915492957738,58.09000000000002,,prod_eval_2025
2025-11-12,7,Random Forest,7,94.35857142857132,127.16332793470184,0.01773637379673145,0.018447938777790173,72.48571428571411,,prod_eval_2025
2025-11-19,7,Random Forest,7,220.10214285714287,260.6411136368496,0.03494247780031559,0.036593079042371274,215.58071428571435,,prod_eval_2025
2025-11-26,7,Random Forest,7,206.16285714285732,228.87262493111146,0.03421517824867042,0.03484498744446594,155.83857142857156,,prod_eval_2025
2025-12-03,7,Random Forest,7,342.7164285714285,485.65799450333355,0.066777949095835,0.0661341144038594,-335.09357142857124,,prod_eval_2025
2025-12-10,7,Random Forest,7,58.7071428571427,92.60745137406587,0.010789461361752812,0.011226301699174969,40.49571428571419,,prod_eval_2025
2025-12-17,7,Random Forest,7,131.3171428571429,152.35919058968148,0.02422278724099843,0.024659834746217413,118.40285714285723,,prod_eval_2025
2025-12-24,7,Random Forest,7,200.64714285714294,261.41542349841797,0.03545434012635497,0.03670150774778543,188.9857142857145,,prod_eval_2025
2025-12-31,7,Random Forest,1,23.3100000000004,23.3100000000004,0.004492195027943804,0.004492195027943804,-23.3100000000004,,prod_eval_2025
2025-01-01,30,HistGradientBoosting,30,77.71563369253369,108.11860653409948,0.014103298609456699,0.014391073346847135,16.02054661920738,,prod_eval_2025
2025-01-31,30,HistGradientBoosting,30,231.08730637597145,278.69525404691916,0.03864286442895328,0.039756043969051,215.1707450022544,,prod_eval_2025
2025-03-02,30,HistGradientBoosting,30,251.36320476263444,351.1961275245284,0.03733783375117258,0.03977412743550149,237.4141488843714,,prod_eval_2025
2025-04-01,30,HistGradientBoosting,30,194.8568320018806,274.39632026729055,0.029686847155301056,0.03114885149494548,191.15986395933425,,prod_eval_2025
2025-05-01,30,HistGradientBoosting,30,267.71826295777254,327.5544679456764,0.040989193148532145,0.042330121267093096,267.71826295777254,,prod_eval_2025
2025-05-31,30,HistGradientBoosting,30,192.34503400499125,254.2962679323437,0.029623407217352415,0.030859802445903636,169.02559836445252,,prod_eval_2025
2025-06-30,30,HistGradientBoosting,30,185.6878286713903,210.83729419654372,0.03233891482647865,0.03166374806112458,-131.53793316108113,,prod_eval_2025
2025-07-30,30,HistGradientBoosting,30,178.95090005048084,277.5330011801189,0.02786253359769845,0.03075585639613427,118.75218241107201,,prod_eval_2025
2025-08-29,30,HistGradientBoosting,30,53.438243519298645,64.7736584207389,0.010217401205778654,0.010140340714369492,-28.38798601738484,,prod_eval_2025
2025-09-28,30,HistGradientBoosting,30,52.60548087054649,72.58530548448114,0.01038645948689531,0.010326408944148944,-11.57138760835278,,prod_eval_2025
2025-10-28,30,HistGradientBoosting,30,152.4005628565005,209.3161964155255,0.026494659650131657,0.028502602041650397,150.61704060958874,,prod_eval_2025
2025-11-27,30,HistGradientBoosting,30,197.0914837780546,237.76348841091868,0.036683224258830596,0.03658989766602703,74.66577327003388,,prod_eval_2025
2025-12-27,30,HistGradientBoosting,5,116.9635047598329,130.6668001384908,0.021024497566509405,0.021345263296560498,116.9635047598329,,prod_eval_2025
2025-01-01,90,Linear Regression,90,137.23611762016324,159.0177258548218,0.02366955286646928,0.023482357857360907,-104.84247453974369,,prod_eval_2025
2025-04-01,90,Linear Regression,90,161.20415685711774,209.10765934401067,0.02598962977555884,0.02570620086241583,-113.16438723644238,,prod_eval_2025
2025-06-30,90,Linear Regression,90,611.0485171482037,697.3689550272384,0.11285952034570958,0.10813316792508226,-611.0485171482037,,prod_eval_2025
2025-09-28,90,Linear Regression,90,113.99812734971282,135.0508503875263,0.021943678208547705,0.021607378349038926,-72.5706058672231,,prod_eval_2025
2025-12-27,90,Linear Regression,5,100.29405420529038,112.85335500901036,0.017877932702306358,0.018303170706856407,79.82739589625416,,prod_eval_2025
2025-01-01,7,Seasonal Naive,7,139.28571428571428,195.68524289203384,0.02672244136618974,0.026498165511618425,1.2857142857142858,,prod_eval_2025
2025-01-08,7,Seasonal Naive,7,63.57142857142857,83.69587803470371,0.012070885825270406,0.01194951664876477,63.57142857142857,,prod_eval_2025
2025-01-15,7,Seasonal Naive,7,118.0,130.59752786984248,0.021429092653916106,0.02171741073776095,113.42857142857143,,prod_eval_2025
2025-01-22,7,Seasonal Naive,7,171.28571428571428,243.70327390965784,0.029275173287009106,0.030561007315270308,171.28571428571428,,prod_eval_2025
2025-01-29,7,Seasonal Naive,7,107.28571428571429,166.86821147240718,0.018550288484666992,0.019272223362759185,-37.857142857142854,,prod_eval_2025
2025-02-05,7,Seasonal Naive,7,134.42857142857142,142.03269241370353,0.023580070658995676,0.023660456111236832,114.71428571428571,,prod_eval_2025
2025-02-12,7,Seasonal Naive,7,79.85714285714286,92.46080250571049,0.013935097804228896,0.013873721830636355,74.42857142857143,,prod_eval_2025
2025-02-19,7,Seasonal Naive,7,125.71428571428571,138.87404365107253,0.021004537892786328,0.021373749149907705,125.71428571428571,,prod_eval_2025
2025-02-26,7,Seasonal Naive,7,701.5714285714286,880.1672730631539,0.0988078110484645,0.10656858277455895,701.5714285714286,,prod_eval_2025
2025-03-05,7,Seasonal Naive,7,1119.4285714285713,1126.2208613639816,0.17153098975954356,0.17175547421256823,-65.71428571428571,,prod_eval_2025
2025-03-12,7,Seasonal Naive,7,510.7142857142857,733.6561086192124,0.08698826352570785,0.08411764705882353,-446.14285714285717,,prod_eval_2025
2025-03-19,7,Seasonal Naive,7,69.57142857142857,81.86312618371856,0.011238437732537033,0.011345898469352095,60.42857142857143,,prod_eval_2025
2025-03-26,7,Seasonal Naive,7,92.57142857142857,111.07011942269365,0.014813214819567095,0.01494982120198408,60.285714285714285,,prod_eval_2025
2025-04-02,7,Seasonal Naive,7,83.28571428571429,97.5097064765496,0.013275946217379103,0.013425755342667649,11.285714285714286,,prod_eval_2025
2025-04-09,7,Seasonal Naive,7,45.857142857142854,58.0430874437258,0.007158913728476281,0.0073379814835981255,45.857142857142854,,prod_eval_2025
2025-04-16,7,Seasonal Naive,7,109.42857142857143,115.54343648293361,0.017389022030751846,0.017268198110868143,87.71428571428571,,prod_eval_2025
2025-04-23,7,Seasonal Naive,7,61.142857142857146,71.70375562987319,0.009883043193280686,0.009714246805420004,-42.857142857142854,,prod_eval_2025
2025-04-30,7,Seasonal Naive,7,89.85714285714286,110.23287038939752,0.014176966219878512,0.014196722791495508,35.285714285714285,,prod_eval_2025
2025-05-07,7,Seasonal Naive,7,96.42857142857143,123.1160892352069,0.015143833201724391,0.015219498996640437,6.428571428571429,,prod_eval_2025
2025-05-14,7,Seasonal Naive,7,67.57142857142857,75.12751065450563,0.010634730952648488,0.010620621519669481,26.428571428571427,,prod_eval_2025
2025-05-21,7,Seasonal Naive,7,53.0,65.03954840820204,0.008363075113723183,0.00837339472318144,-32.714285714285715,,prod_eval_2025
2025-05-28,7,Seasonal Naive,7,80.14285714285714,92.3989795862023,0.012907376346625267,0.012759279475982533,-48.42857142857143,,prod_eval_2025
2025-06-04,7,Seasonal Naive,7,80.71428571428571,99.54683032910404,0.013123990189845216,0.012891008236555705,-19.857142857142858,,prod_eval_2025
2025-06-11,7,Seasonal Naive,7,101.14285714285714,114.68715210145754,0.016291879970628937,0.016267260988442892,-43.714285714285715,,prod_eval_2025
2025-06-18,7,Seasonal Naive,7,82.85714285714286,114.33284742365161,0.013623823321141844,0.013496218731820825,-78.28571428571429,,prod_eval_2025
2025-06-25,7,Seasonal Naive,7,61.57142857142857,77.20566226459226,0.010020858465672758,0.010095095329554504,-40.142857142857146,,prod_eval_2025
2025-07-02,7,Seasonal Naive,7,115.71428571428571,129.99560432128905,0.01944684155623911,0.019339127112978704,-115.71428571428571,,prod_eval_2025
2025-07-09,7,Seasonal Naive,7,74.57142857142857,93.03762679690406,0.012663748979896961,0.012605650808983338,-67.71428571428571,,prod_eval_2025
2025-07-16,7,Seasonal Naive,7,84.42857142857143,94.12529643284758,0.014808821457514398,0.014433291816250275,-66.14285714285714,,prod_eval_2025
2025-07-23,7,Seasonal Naive,7,134.28571428571428,152.83043825476278,0.023116109450547154,0.023495888219561577,-134.28571428571428,,prod_eval_2025
2025-07-30,7,Seasonal Naive,7,830.8571428571429,967.1333192186365,0.12080328311826848,0.12716181647244026,818.5714285714286,,prod_eval_2025
2025-08-06,7,Seasonal Naive,7,1142.5714285714287,1163.0986937610116,0.19623784078988668,0.1942157791214395,-650.8571428571429,,prod_eval_2025
2025-08-13,7,Seasonal Naive,7,430.42857142857144,624.908564740246,0.07952447454929833,0.07722472831658807,-309.2857142857143,,prod_eval_2025
2025-08-20,7,Seasonal Naive,7,137.57142857142858,218.59715068068542,0.025627411741458606,0.025247096452822273,-124.71428571428571,,prod_eval_2025
2025-08-27,7,Seasonal Naive,7,70.28571428571429,74.47147104764348,0.013033138294998301,0.01303345783994278,-56.285714285714285,,prod_eval_2025
2025-09-03,7,Seasonal Naive,7,98.28571428571429,102.66728509399394,0.018818764141342686,0.01856398909905291,-98.28571428571429,,prod_eval_2025
2025-09-10,7,Seasonal Naive,7,57.142857142857146,68.845582906344,0.010817392078643776,0.010815195349466,-10.857142857142858,,prod_eval_2025
2025-09-17,7,Seasonal Naive,7,107.85714285714286,121.62765193115303,0.020639110815050193,0.020839083632348883,-107.85714285714286,,prod_eval_2025
2025-09-24,7,Seasonal Naive,7,29.285714285714285,37.51761491048477,0.00582954920012349,0.00568134578610426,-21.0,,prod_eval_2025
2025-10-01,7,Seasonal Naive,7,109.85714285714286,171.31549842323082,0.02099895522422001,0.021263064756954046,11.857142857142858,,prod_eval_2025
2025-10-08,7,Seasonal Naive,7,120.71428571428571,209.88057828883822,0.02437465148776343,0.023880175215486788,-111.57142857142857,,prod_eval_2025
2025-10-15,7,Seasonal Naive,7,73.0,86.58026828985261,0.014234658662763857,0.014457899502037122,-5.857142857142857,,prod_eval_2025
2025-10-22,7,Seasonal Naive,7,64.71428571428571,88.04787658671032,0.012629349013658238,0.012827410448817782,-4.142857142857143,,prod_eval_2025
2025-10-29,7,Seasonal Naive,7,128.28571428571428,254.83552118404305,0.02239058708781505,0.024914685237077936,104.0,,prod_eval_2025
2025-11-05,7,Seasonal Naive,7,114.71428571428571,228.2720807657889,0.021521063871101972,0.022619718309859156,-77.57142857142857,,prod_eval_2025
2025-11-12,7,Seasonal Naive,7,58.857142857142854,78.53843463098634,0.011315947666776254,0.011507094179421294,43.42857142857143,,prod_eval_2025
2025-11-19,7,Seasonal Naive,7,900.0,973.971985516744,0.14538484734354443,0.14962948888466654,900.0,,prod_eval_2025
2025-11-26,7,Seasonal Naive,7,466.57142857142856,668.680149890172,0.08663627472975735,0.07885841220784238,-98.28571428571429,,prod_eval_2025
2025-12-03,7,Seasonal Naive,7,768.4285714285714,893.1599600775409,0.14777477691850763,0.14828394210889043,-734.4285714285714,,prod_eval_2025
2025-12-10,7,Seasonal Naive,7,70.14285714285714,81.01587146091455,0.013177619792500348,0.013413101677320658,47.285714285714285,,prod_eval_2025
2025-12-17,7,Seasonal Naive,7,128.28571428571428,140.1815149827435,0.024025021745513075,0.02409056765747398,95.71428571428571,,prod_eval_2025
2025-12-24,7,Seasonal Naive,7,159.0,230.04130063968947,0.02845293594502692,0.029083592463874153,141.85714285714286,,prod_eval_2025
2025-12-31,7,Seasonal Naive,1,31.0,31.0,0.005974176141838505,0.005974176141838505,31.0,,prod_eval_2025
2025-01-01,30,Seasonal Naive,30,243.36666666666667,295.1245499784794,0.044228250781939975,0.04506567576909782,144.9,,prod_eval_2025
2025-01-31,30,Seasonal Naive,30,265.46666666666664,399.512870047178,0.04323334091857068,0.04567063694596253,193.26666666666668,,prod_eval_2025
2025-03-02,30,Seasonal Naive,30,512.2,681.6117174266691,0.07730305730479285,0.08104729604995965,230.86666666666667,,prod_eval_2025
2025-04-01,30,Seasonal Naive,30,99.73333333333333,128.71985083894404,0.01567478876690891,0.015942878456865775,75.73333333333333,,prod_eval_2025
2025-05-01,30,Seasonal Naive,30,67.26666666666667,84.4653775223908,0.01067623547518066,0.01063583083863895,46.46666666666667,,prod_eval_2025
2025-05-31,30,Seasonal Naive,30,133.3,166.7516116863642,0.021498435420667268,0.021386627875883756,-119.83333333333333,,prod_eval_2025
2025-06-30,30,Seasonal Naive,30,247.6,281.26642174280244,0.0429401257883433,0.04222109804411957,-247.6,,prod_eval_2025
2025-07-30,30,Seasonal Naive,30,411.46666666666664,558.2903067998465,0.06613509324060347,0.07071777626279697,112.0,,prod_eval_2025
2025-08-29,30,Seasonal Naive,30,168.8,191.45826351105003,0.03245480071470313,0.03203117093411598,-165.53333333333333,,prod_eval_2025
2025-09-28,30,Seasonal Naive,30,105.96666666666667,136.62222854767572,0.020881086872257777,0.02080116209071636,-76.23333333333333,,prod_eval_2025
2025-10-28,30,Seasonal Naive,30,320.43333333333334,562.8084635705709,0.05304342637181456,0.059928806099484436,311.23333333333335,,prod_eval_2025
2025-11-27,30,Seasonal Naive,30,785.8,849.0645440718862,0.1505610654565151,0.14588322658498096,-773.7333333333333,,prod_eval_2025
2025-12-27,30,Seasonal Naive,5,106.8,119.85157487492603,0.01945319264391947,0.019490473757208554,106.8,,prod_eval_2025
2025-01-01,90,Seasonal Naive,90,620.3,778.9996220224443,0.1006736310334529,0.10613901669264991,586.9,,prod_eval_2025
2025-04-01,90,Seasonal Naive,90,111.35555555555555,141.0397895000635,0.017524772880882864,0.017757161689038823,77.86666666666666,,prod_eval_2025
2025-06-30,90,Seasonal Naive,90,571.4666666666667,640.5346898403621,0.10412636336359637,0.10112863266349444,-469.6,,prod_eval_2025
2025-09-28,90,Seasonal Naive,90,222.43333333333334,390.29337968023776,0.03870064020930363,0.04216035212602405,119.65555555555555,,prod_eval_2025
2025-12-27,90,Seasonal Naive,5,106.8,119.85157487492603,0.01945319264391947,0.019490473757208554,106.8,,prod_eval_2025
